subject,game_id,local_index
Philadelphia Eagles,W1,42.631875868191656
Dallas Cowboys,W1,83.46871801499883
Las Vegas Raiders,W1,89.55267916667168
New England Patriots,W1,22.95968777428314
Cincinnati Bengals,W1,0.0
Cleveland Browns,W1,7.633941590779276
Chicago Bears,W1,33.873438563625584
Minnesota Vikings,W1,100.0
Tampa Bay Buccaneers,W1,59.55651868374119
Atlanta Falcons,W1,35.00275468269479
Seattle Seahawks,W1,58.03542518299864
San Francisco 49ers,W1,52.08760562062417
Buffalo Bills,W1,20.703672269738917
Baltimore Ravens,W1,44.88605867870672
Miami Dolphins,W1,20.020429698814826
Indianapolis Colts,W1,70.53216040986491
Kansas City Chiefs,W1,21.36847010976522
Los Angeles Chargers,W1,72.59405500703909
Kansas City Chiefs,W2,80.05645422744392
Philadelphia Eagles,W2,74.83170567438003
New York Giants,W2,89.92440955606064
Dallas Cowboys,W2,51.984660322218936
Miami Dolphins,W2,36.182923212741926
New England Patriots,W2,75.22961379936497
Jacksonville Jaguars,W2,4.21255074944962
Cincinnati Bengals,W2,69.44793821830646
Detroit Lions,W2,63.906803675822
Chicago Bears,W2,20.063369685929587
Tampa Bay Buccaneers,W2,100.0
Houston Texans,W2,30.705560686525413
Pittsburgh Steelers,W2,15.47596978103768
Seattle Seahawks,W2,72.48718258451648
New York Jets,W2,45.86382387399776
Buffalo Bills,W2,77.84799522517253
Denver Broncos,W2,0.0
Indianapolis Colts,W2,71.13379872815436
Philadelphia Eagles,W3,36.99979171704121
Los Angeles Rams,W3,20.031534783756246
Chicago Bears,W3,64.48457246608571
Dallas Cowboys,W3,50.49660674241079
Pittsburgh Steelers,W3,16.145289778752428
New England Patriots,W3,0.0
Cincinnati Bengals,W3,47.68631155679354
Minnesota Vikings,W3,100.0
Tampa Bay Buccaneers,W3,51.60289963319976
New York Jets,W3,3.2257545337740794
New Orleans Saints,W3,36.68307129220091
Seattle Seahawks,W3,85.16886958846938
Buffalo Bills,W3,6.641517781390914
Miami Dolphins,W3,39.91399939562082
Indianapolis Colts,W3,59.948791004743875
Tennessee Titans,W3,54.908242889969586
Kansas City Chiefs,W3,20.794473344673076
New York Giants,W3,15.30585344785732
Tampa Bay Buccaneers,W4,0.0
Philadelphia Eagles,W4,1.89061533659227
Green Bay Packers,W4,15.077247535036273
Dallas Cowboys,W4,100.0
Carolina Panthers,W4,2.9519430145574055
New England Patriots,W4,26.842075549861207
Cincinnati Bengals,W4,26.978153218057148
Denver Broncos,W4,28.284435952214892
Arizona Cardinals,W4,8.986861381307362
Seattle Seahawks,W4,41.58801219170283
Buffalo Bills,W4,6.880383375739517
New Orleans Saints,W4,16.74043469376962
Los Angeles Rams,W4,65.86521107304847
Indianapolis Colts,W4,20.058594274031964
Kansas City Chiefs,W4,40.74046120161428
Baltimore Ravens,W4,14.548553748159604
Philadelphia Eagles,W5,39.7896838235509
Denver Broncos,W5,43.83221619831157
New York Jets,W5,0.0
Dallas Cowboys,W5,87.121952050249
Buffalo Bills,W5,95.4113003834565
New England Patriots,W5,73.44626638691855
Detroit Lions,W5,40.96515822570415
Cincinnati Bengals,W5,15.4199939136299
Tampa Bay Buccaneers,W5,72.07713665531013
Seattle Seahawks,W5,100.0
Indianapolis Colts,W5,58.28048133278675
Las Vegas Raiders,W5,9.86156046311568
Jacksonville Jaguars,W5,64.73059613337254
Kansas City Chiefs,W5,46.548886298389974
Philadelphia Eagles,W6,20.877014595125562
New York Giants,W6,48.57538342617154
Carolina Panthers,W6,64.45452978134783
Dallas Cowboys,W6,48.95792208941498
New Orleans Saints,W6,35.862357077126674
New England Patriots,W6,13.515805692684813
Green Bay Packers,W6,49.19234145212352
Cincinnati Bengals,W6,58.586585442294336
Chicago Bears,W6,27.20391981265662
Washington Commanders,W6,11.81942580614215
Tampa Bay Buccaneers,W6,95.11943022977293
San Francisco 49ers,W6,51.25650345361327
Seattle Seahawks,W6,47.45622787675271
Jacksonville Jaguars,W6,0.0
Buffalo Bills,W6,10.702402065363195
Atlanta Falcons,W6,100.0
Arizona Cardinals,W6,50.640534783783686
Indianapolis Colts,W6,61.42655857406333
Kansas City Chiefs,W6,3.380042851435176
Detroit Lions,W6,28.707488015841637
Philadelphia Eagles,W7,64.91298080132945
Minnesota Vikings,W7,19.222802621778285
Dallas Cowboys,W7,72.61829730178533
Washington Commanders,W7,29.101646853729747
Tennessee Titans,W7,29.53646015934398
New England Patriots,W7,94.92338739480397
Pittsburgh Steelers,W7,16.71856453193816
Cincinnati Bengals,W7,63.23225950559463
New Orleans Saints,W7,75.64262321931211
Chicago Bears,W7,31.408788917930373
Detroit Lions,W7,46.053824079545315
Tampa Bay Buccaneers,W7,2.9802821521407954
Seattle Seahawks,W7,57.47310594434736
Houston Texans,W7,0.0
Indianapolis Colts,W7,100.0
Los Angeles Chargers,W7,46.713582113107265
Las Vegas Raiders,W7,24.454648685302597
Kansas City Chiefs,W7,82.14379344300457
New York Giants,W8,0.0
Philadelphia Eagles,W8,2.2222328677244962
Dallas Cowboys,W8,66.85295129443452
Denver Broncos,W8,100.0
New England Patriots,W8,85.64346024609736
Cleveland Browns,W8,75.08820121743842
Cincinnati Bengals,W8,31.335195358058026
New York Jets,W8,70.67160020425514
Chicago Bears,W8,25.279098922665867
Baltimore Ravens,W8,90.49857002767845
Tampa Bay Buccaneers,W8,43.016117461905765
New Orleans Saints,W8,55.39445142508575
Buffalo Bills,W8,81.02390498286807
Carolina Panthers,W8,91.87175619722647
Tennessee Titans,W8,93.4862328686319
Indianapolis Colts,W8,91.71987905451802
Washington Commanders,W8,77.87887796696384
Kansas City Chiefs,W8,68.58521780476997
Philadelphia Eagles,W10,85.57577743064984
Green Bay Packers,W10,30.027833042391975
New England Patriots,W10,81.10276985124254
Tampa Bay Buccaneers,W10,70.28948910821879
Chicago Bears,W10,99.48613479856479
New York Giants,W10,0.0
Seattle Seahawks,W10,68.92355188442939
Arizona Cardinals,W10,72.492872302428
Buffalo Bills,W10,34.07051890802004
Miami Dolphins,W10,100.0
Atlanta Falcons,W10,11.53006834476236
Indianapolis Colts,W10,99.21200468526732
Philadelphia Eagles,W11,47.62786561368188
Detroit Lions,W11,43.006038999800516
Las Vegas Raiders,W11,26.9444461882693
Dallas Cowboys,W11,74.58329305092037
New York Jets,W11,48.13998868278049
New England Patriots,W11,78.70712923390116
Cincinnati Bengals,W11,49.98459326340065
Pittsburgh Steelers,W11,67.37651064857442
Minnesota Vikings,W11,56.70134916711989
Chicago Bears,W11,100.0
Tampa Bay Buccaneers,W11,0.0
Buffalo Bills,W11,33.03654506184325
Los Angeles Rams,W11,60.34418799701425
Seattle Seahawks,W11,76.83833790650829
Kansas City Chiefs,W11,63.74637617985132
Denver Broncos,W11,75.9922112271952
Dallas Cowboys,W12,42.291620173561576
Philadelphia Eagles,W12,31.22463721771796
Cincinnati Bengals,W12,33.87282822066734
New England Patriots,W12,20.011291571603746
Chicago Bears,W12,72.63088226429105
Pittsburgh Steelers,W12,72.82871591784314
Los Angeles Rams,W12,81.66946900399067
Tampa Bay Buccaneers,W12,22.22652099430444
Tennessee Titans,W12,71.0432505962161
Seattle Seahawks,W12,100.0
Houston Texans,W12,75.69725854027773
Buffalo Bills,W12,53.94299667477209
Kansas City Chiefs,W12,15.078374918853477
Indianapolis Colts,W12,0.0
Philadelphia Eagles,W13,89.68415761732325
Chicago Bears,W13,82.67451651389986
Dallas Cowboys,W13,65.5070032942809
Kansas City Chiefs,W13,50.476528310906396
New York Giants,W13,55.384606882772715
New England Patriots,W13,41.56471166682879
Cincinnati Bengals,W13,64.72423089742173
Baltimore Ravens,W13,21.8782508211718
Minnesota Vikings,W13,0.0
Seattle Seahawks,W13,100.0
Pittsburgh Steelers,W13,30.140888814667143
Buffalo Bills,W13,10.475612631010454
Indianapolis Colts,W13,20.926464056098986
Houston Texans,W13,41.7842582345607
Los Angeles Chargers,W14,33.31005786202113
Philadelphia Eagles,W14,0.0
Dallas Cowboys,W14,26.05050134504091
Detroit Lions,W14,60.55218416072257
Cincinnati Bengals,W14,7.3163385063207365
Buffalo Bills,W14,57.30318160960629
Chicago Bears,W14,64.32608965874051
Green Bay Packers,W14,100.0
Tampa Bay Buccaneers,W14,27.404915189382816
New Orleans Saints,W14,82.66685001541653
Seattle Seahawks,W14,92.77405106184202
Atlanta Falcons,W14,80.1061956853932
Jacksonville Jaguars,W14,48.84973503025849
Indianapolis Colts,W14,3.8529854582553447
Kansas City Chiefs,W14,53.81391744652575
Houston Texans,W14,52.682656579681186
Las Vegas Raiders,W15,19.38084765513178
Philadelphia Eagles,W15,100.0
Dallas Cowboys,W15,6.165378279412312
Minnesota Vikings,W15,32.384475589947535
Buffalo Bills,W15,61.98950439580565
New England Patriots,W15,38.85769930041341
Cincinnati Bengals,W15,0.0
Baltimore Ravens,W15,37.49119551139377
Chicago Bears,W15,74.17554711945475
Cleveland Browns,W15,44.44364060839591
Atlanta Falcons,W15,68.99722486090202
Tampa Bay Buccaneers,W15,45.48960710994161
Seattle Seahawks,W15,48.29200617777531
Indianapolis Colts,W15,20.21313304094942
Kansas City Chiefs,W15,37.588018982930585
Los Angeles Chargers,W15,82.52012944625253
Philadelphia Eagles,W16,53.79757338878978
Washington Commanders,W16,37.46737020535827
Baltimore Ravens,W16,23.500456490849093
New England Patriots,W16,3.1152749427396946
Cincinnati Bengals,W16,60.68367405130469
Miami Dolphins,W16,25.932823632084418
Chicago Bears,W16,55.068466073512354
Green Bay Packers,W16,2.3345853207071183
Tampa Bay Buccaneers,W16,25.466569873128357
Carolina Panthers,W16,56.008670433692366
Los Angeles Rams,W16,26.481326277894784
Seattle Seahawks,W16,100.0
Buffalo Bills,W16,29.714872452497616
Cleveland Browns,W16,0.0
Indianapolis Colts,W16,30.950922340842357
San Francisco 49ers,W16,26.465321696827665
Tennessee Titans,W16,26.121089964457227
Kansas City Chiefs,W16,12.54195560613687
Philadelphia Eagles,W17,45.35710039246468
Buffalo Bills,W17,18.55572649733309
Dallas Cowboys,W17,61.30681002907015
Washington Commanders,W17,30.287944321950754
New York Jets,W17,0.3808646874785439
New England Patriots,W17,76.9786578941701
Cincinnati Bengals,W17,97.29182621493021
Arizona Cardinals,W17,0.0
San Francisco 49ers,W17,66.35962237897998
Chicago Bears,W17,100.0
Tampa Bay Buccaneers,W17,31.146750160354102
Carolina Panthers,W17,40.51571957291079
Seattle Seahawks,W17,64.89031287329323
Jacksonville Jaguars,W17,76.44536741578263
Indianapolis Colts,W17,55.83549837939019
Kansas City Chiefs,W17,49.18738829868434
Denver Broncos,W17,51.09250862751431
Philadelphia Eagles,W18,44.06567610857308
Washington Commanders,W18,100.0
Dallas Cowboys,W18,63.25247781434643
New York Giants,W18,91.20780209342126
New England Patriots,W18,46.3708181068251
Miami Dolphins,W18,23.59688818524283
Cincinnati Bengals,W18,69.68289464191824
Cleveland Browns,W18,40.005564819609226
Detroit Lions,W18,60.06049646251036
Chicago Bears,W18,40.963551163003956
Tampa Bay Buccaneers,W18,73.50394694531951
Carolina Panthers,W18,0.0
Seattle Seahawks,W18,89.9743356978933
San Francisco 49ers,W18,56.87447891902869
New York Jets,W18,53.190425693625734
Buffalo Bills,W18,40.616797252604044
Indianapolis Colts,W18,70.53702674592743
Houston Texans,W18,89.8096387055354
Las Vegas Raiders,W18,31.501947763703825
Kansas City Chiefs,W18,56.824618948179186
Dallas Cowboys,W9,36.91306379673608
Arizona Cardinals,W9,100.0
New England Patriots,W9,37.11394772647564
Atlanta Falcons,W9,10.88333856958946
Cincinnati Bengals,W9,28.55087039260229
Chicago Bears,W9,56.58238855464708
Washington Commanders,W9,0.0
Seattle Seahawks,W9,90.96780910440556
Buffalo Bills,W9,45.95690437076492
Kansas City Chiefs,W9,81.51402105984022
Indianapolis Colts,W9,23.275955032162777
Pittsburgh Steelers,W9,79.67169993764243
