Player,Query,Keyword
Jalen Hurts,Jalen Hurts is a [MASK],star
Jalen Hurts,Jalen Hurts is a [MASK],teammate
Jalen Hurts,Jalen Hurts is a [MASK],superstar
Jalen Hurts,Jalen Hurts is a [MASK],professional
Jalen Hurts,Jalen Hurts is a [MASK],legend
Jalen Hurts,Jalen Hurts is an [MASK],ace
Jalen Hurts,Jalen Hurts is an [MASK],amateur
Jalen Hurts,Jalen Hurts is an [MASK],athlete
Jalen Hurts,Jalen Hurts is an [MASK],mvp
Jalen Hurts,Jalen Hurts is an [MASK],icon
Jalen Hurts,Jalen Hurts is the [MASK],ultimate
Jalen Hurts,Jalen Hurts is the [MASK],mvp
Jalen Hurts,Jalen Hurts is the [MASK],best
Jalen Hurts,Jalen Hurts is the [MASK],answer
Jalen Hurts,Jalen Hurts is the [MASK],qb
Jalen Hurts,Jalen Hurts had a [MASK] performance,great
Jalen Hurts,Jalen Hurts had a [MASK] performance,full
Jalen Hurts,Jalen Hurts had a [MASK] performance,good
Jalen Hurts,Jalen Hurts had a [MASK] performance,similar
Jalen Hurts,Jalen Hurts had a [MASK] performance,career
Jalen Hurts,Jalen Hurts is getting [MASK],a
Jalen Hurts,Jalen Hurts is getting [MASK],his
Jalen Hurts,Jalen Hurts is getting [MASK],an
Jalen Hurts,Jalen Hurts is getting [MASK],paid
Jalen Hurts,Jalen Hurts is getting [MASK],the
Jalen Hurts,Jalen Hurts is a [MASK] player,basketball
Jalen Hurts,Jalen Hurts is a [MASK] player,football
Jalen Hurts,Jalen Hurts is a [MASK] player,different
Jalen Hurts,Jalen Hurts is a [MASK] player,defensive
Jalen Hurts,Jalen Hurts is a [MASK] player,special
Jalen Hurts,Jalen Hurts is one of the most [MASK] players,important
Jalen Hurts,Jalen Hurts is one of the most [MASK] players,valuable
Jalen Hurts,Jalen Hurts is one of the most [MASK] players,exciting
Jalen Hurts,Jalen Hurts is one of the most [MASK] players,talented
Jalen Hurts,Jalen Hurts is one of the most [MASK] players,famous
Jalen Hurts,Jalen Hurts looks [MASK] on the field,good
Jalen Hurts,Jalen Hurts looks [MASK] on the field,back
Jalen Hurts,Jalen Hurts looks [MASK] on the field,lost
Jalen Hurts,Jalen Hurts looks [MASK] on the field,like
Jalen Hurts,Jalen Hurts looks [MASK] on the field,great
Jalen Hurts,Jalen Hurts has been [MASK] this season,active
Jalen Hurts,Jalen Hurts has been [MASK] this season,injured
Jalen Hurts,Jalen Hurts has been [MASK] this season,ejected
Jalen Hurts,Jalen Hurts has been [MASK] this season,suspended
Jalen Hurts,Jalen Hurts has been [MASK] this season,in
Saquon Barkley,Saquon Barkley is a [MASK],strike
Saquon Barkley,Saquon Barkley is a [MASK],'
Saquon Barkley,Saquon Barkley is a [MASK],regular
Saquon Barkley,Saquon Barkley is a [MASK],triple
Saquon Barkley,Saquon Barkley is a [MASK],professional
Saquon Barkley,Saquon Barkley is an [MASK],all
Saquon Barkley,Saquon Barkley is an [MASK],##cel
Saquon Barkley,Saquon Barkley is an [MASK],absolute
Saquon Barkley,Saquon Barkley is an [MASK],nba
Saquon Barkley,Saquon Barkley is an [MASK],art
Saquon Barkley,Saquon Barkley is the [MASK],4th
Saquon Barkley,Saquon Barkley is the [MASK],ultimate
Saquon Barkley,Saquon Barkley is the [MASK],mvp
Saquon Barkley,Saquon Barkley is the [MASK],call
Saquon Barkley,Saquon Barkley is the [MASK],star
Saquon Barkley,Saquon Barkley had a [MASK] performance,great
Saquon Barkley,Saquon Barkley had a [MASK] performance,similar
Saquon Barkley,Saquon Barkley had a [MASK] performance,good
Saquon Barkley,Saquon Barkley had a [MASK] performance,full
Saquon Barkley,Saquon Barkley had a [MASK] performance,better
Saquon Barkley,Saquon Barkley is getting [MASK],a
Saquon Barkley,Saquon Barkley is getting [MASK],his
Saquon Barkley,Saquon Barkley is getting [MASK],the
Saquon Barkley,Saquon Barkley is getting [MASK],an
Saquon Barkley,Saquon Barkley is getting [MASK],to
Saquon Barkley,Saquon Barkley is a [MASK] player,basketball
Saquon Barkley,Saquon Barkley is a [MASK] player,different
Saquon Barkley,Saquon Barkley is a [MASK] player,defensive
Saquon Barkley,Saquon Barkley is a [MASK] player,special
Saquon Barkley,Saquon Barkley is a [MASK] player,better
Saquon Barkley,Saquon Barkley is one of the most [MASK] players,important
Saquon Barkley,Saquon Barkley is one of the most [MASK] players,valuable
Saquon Barkley,Saquon Barkley is one of the most [MASK] players,exciting
Saquon Barkley,Saquon Barkley is one of the most [MASK] players,famous
Saquon Barkley,Saquon Barkley is one of the most [MASK] players,iconic
Saquon Barkley,Saquon Barkley looks [MASK] on the field,good
Saquon Barkley,Saquon Barkley looks [MASK] on the field,back
Saquon Barkley,Saquon Barkley looks [MASK] on the field,great
Saquon Barkley,Saquon Barkley looks [MASK] on the field,lost
Saquon Barkley,Saquon Barkley looks [MASK] on the field,solid
Saquon Barkley,Saquon Barkley has been [MASK] this season,injured
Saquon Barkley,Saquon Barkley has been [MASK] this season,absent
Saquon Barkley,Saquon Barkley has been [MASK] this season,active
Saquon Barkley,Saquon Barkley has been [MASK] this season,missing
Saquon Barkley,Saquon Barkley has been [MASK] this season,suspended
Saquon,Saquon is a [MASK],strike
Saquon,Saquon is a [MASK],'
Saquon,Saquon is a [MASK],star
Saquon,Saquon is a [MASK],regular
Saquon,Saquon is a [MASK],professional
Saquon,Saquon is an [MASK],##cel
Saquon,Saquon is an [MASK],all
Saquon,Saquon is an [MASK],ace
Saquon,Saquon is an [MASK],american
Saquon,Saquon is an [MASK],nba
Saquon,Saquon is the [MASK],call
Saquon,Saquon is the [MASK],ultimate
Saquon,Saquon is the [MASK],4th
Saquon,Saquon is the [MASK],mvp
Saquon,Saquon is the [MASK],star
Saquon,Saquon had a [MASK] performance,great
Saquon,Saquon had a [MASK] performance,similar
Saquon,Saquon had a [MASK] performance,good
Saquon,Saquon had a [MASK] performance,full
Saquon,Saquon had a [MASK] performance,complete
Saquon,Saquon is getting [MASK],a
Saquon,Saquon is getting [MASK],an
Saquon,Saquon is getting [MASK],the
Saquon,Saquon is getting [MASK],his
Saquon,Saquon is getting [MASK],to
Saquon,Saquon is a [MASK] player,basketball
Saquon,Saquon is a [MASK] player,different
Saquon,Saquon is a [MASK] player,complete
Saquon,Saquon is a [MASK] player,baseball
Saquon,Saquon is a [MASK] player,special
Saquon,Saquon is one of the most [MASK] players,important
Saquon,Saquon is one of the most [MASK] players,valuable
Saquon,Saquon is one of the most [MASK] players,exciting
Saquon,Saquon is one of the most [MASK] players,talented
Saquon,Saquon is one of the most [MASK] players,expensive
Saquon,Saquon looks [MASK] on the field,good
Saquon,Saquon looks [MASK] on the field,back
Saquon,Saquon looks [MASK] on the field,great
Saquon,Saquon looks [MASK] on the field,like
Saquon,Saquon looks [MASK] on the field,lost
Saquon,Saquon has been [MASK] this season,active
Saquon,Saquon has been [MASK] this season,injured
Saquon,Saquon has been [MASK] this season,successful
Saquon,Saquon has been [MASK] this season,busy
Saquon,Saquon has been [MASK] this season,missing
AJ Brown,AJ Brown is a [MASK],superstar
AJ Brown,AJ Brown is a [MASK],legend
AJ Brown,AJ Brown is a [MASK],star
AJ Brown,AJ Brown is a [MASK],teammate
AJ Brown,AJ Brown is a [MASK],regular
AJ Brown,AJ Brown is an [MASK],ace
AJ Brown,AJ Brown is an [MASK],icon
AJ Brown,AJ Brown is an [MASK],eagle
AJ Brown,AJ Brown is an [MASK],athlete
AJ Brown,AJ Brown is an [MASK],american
AJ Brown,AJ Brown is the [MASK],ultimate
AJ Brown,AJ Brown is the [MASK],4th
AJ Brown,AJ Brown is the [MASK],champ
AJ Brown,AJ Brown is the [MASK],best
AJ Brown,AJ Brown is the [MASK],wwe
AJ Brown,AJ Brown had a [MASK] performance,great
AJ Brown,AJ Brown had a [MASK] performance,similar
AJ Brown,AJ Brown had a [MASK] performance,good
AJ Brown,AJ Brown had a [MASK] performance,full
AJ Brown,AJ Brown had a [MASK] performance,different
AJ Brown,AJ Brown is getting [MASK],a
AJ Brown,AJ Brown is getting [MASK],an
AJ Brown,AJ Brown is getting [MASK],his
AJ Brown,AJ Brown is getting [MASK],the
AJ Brown,AJ Brown is getting [MASK],paid
AJ Brown,AJ Brown is a [MASK] player,basketball
AJ Brown,AJ Brown is a [MASK] player,different
AJ Brown,AJ Brown is a [MASK] player,box
AJ Brown,AJ Brown is a [MASK] player,special
AJ Brown,AJ Brown is a [MASK] player,complete
AJ Brown,AJ Brown is one of the most [MASK] players,important
AJ Brown,AJ Brown is one of the most [MASK] players,exciting
AJ Brown,AJ Brown is one of the most [MASK] players,valuable
AJ Brown,AJ Brown is one of the most [MASK] players,iconic
AJ Brown,AJ Brown is one of the most [MASK] players,expensive
AJ Brown,AJ Brown looks [MASK] on the field,good
AJ Brown,AJ Brown looks [MASK] on the field,back
AJ Brown,AJ Brown looks [MASK] on the field,great
AJ Brown,AJ Brown looks [MASK] on the field,like
AJ Brown,AJ Brown looks [MASK] on the field,lost
AJ Brown,AJ Brown has been [MASK] this season,active
AJ Brown,AJ Brown has been [MASK] this season,suspended
AJ Brown,AJ Brown has been [MASK] this season,fined
AJ Brown,AJ Brown has been [MASK] this season,busy
AJ Brown,AJ Brown has been [MASK] this season,injured
A.J. Brown,A.J. Brown is a [MASK],star
A.J. Brown,A.J. Brown is a [MASK],teammate
A.J. Brown,A.J. Brown is a [MASK],'
A.J. Brown,A.J. Brown is a [MASK],rob
A.J. Brown,A.J. Brown is a [MASK],regular
A.J. Brown,A.J. Brown is an [MASK],nba
A.J. Brown,A.J. Brown is an [MASK],##cel
A.J. Brown,A.J. Brown is an [MASK],athlete
A.J. Brown,A.J. Brown is an [MASK],infielder
A.J. Brown,A.J. Brown is an [MASK],umpire
A.J. Brown,A.J. Brown is the [MASK],best
A.J. Brown,A.J. Brown is the [MASK],ultimate
A.J. Brown,A.J. Brown is the [MASK],greatest
A.J. Brown,A.J. Brown is the [MASK],future
A.J. Brown,A.J. Brown is the [MASK],mvp
A.J. Brown,A.J. Brown had a [MASK] performance,great
A.J. Brown,A.J. Brown had a [MASK] performance,similar
A.J. Brown,A.J. Brown had a [MASK] performance,full
A.J. Brown,A.J. Brown had a [MASK] performance,good
A.J. Brown,A.J. Brown had a [MASK] performance,standout
A.J. Brown,A.J. Brown is getting [MASK],a
A.J. Brown,A.J. Brown is getting [MASK],better
A.J. Brown,A.J. Brown is getting [MASK],paid
A.J. Brown,A.J. Brown is getting [MASK],an
A.J. Brown,A.J. Brown is getting [MASK],his
A.J. Brown,A.J. Brown is a [MASK] player,basketball
A.J. Brown,A.J. Brown is a [MASK] player,different
A.J. Brown,A.J. Brown is a [MASK] player,baseball
A.J. Brown,A.J. Brown is a [MASK] player,defensive
A.J. Brown,A.J. Brown is a [MASK] player,special
A.J. Brown,A.J. Brown is one of the most [MASK] players,valuable
A.J. Brown,A.J. Brown is one of the most [MASK] players,important
A.J. Brown,A.J. Brown is one of the most [MASK] players,exciting
A.J. Brown,A.J. Brown is one of the most [MASK] players,iconic
A.J. Brown,A.J. Brown is one of the most [MASK] players,famous
A.J. Brown,A.J. Brown looks [MASK] on the field,good
A.J. Brown,A.J. Brown looks [MASK] on the field,back
A.J. Brown,A.J. Brown looks [MASK] on the field,great
A.J. Brown,A.J. Brown looks [MASK] on the field,solid
A.J. Brown,A.J. Brown looks [MASK] on the field,lost
A.J. Brown,A.J. Brown has been [MASK] this season,active
A.J. Brown,A.J. Brown has been [MASK] this season,ejected
A.J. Brown,A.J. Brown has been [MASK] this season,great
A.J. Brown,A.J. Brown has been [MASK] this season,injured
A.J. Brown,A.J. Brown has been [MASK] this season,suspended
Quinyon Mitchell,Quinyon Mitchell is a [MASK],teammate
Quinyon Mitchell,Quinyon Mitchell is a [MASK],star
Quinyon Mitchell,Quinyon Mitchell is a [MASK],player
Quinyon Mitchell,Quinyon Mitchell is a [MASK],legend
Quinyon Mitchell,Quinyon Mitchell is a [MASK],standout
Quinyon Mitchell,Quinyon Mitchell is an [MASK],ace
Quinyon Mitchell,Quinyon Mitchell is an [MASK],umpire
Quinyon Mitchell,Quinyon Mitchell is an [MASK],icon
Quinyon Mitchell,Quinyon Mitchell is an [MASK],nba
Quinyon Mitchell,Quinyon Mitchell is an [MASK],infielder
Quinyon Mitchell,Quinyon Mitchell is the [MASK],mvp
Quinyon Mitchell,Quinyon Mitchell is the [MASK],answer
Quinyon Mitchell,Quinyon Mitchell is the [MASK],future
Quinyon Mitchell,Quinyon Mitchell is the [MASK],best
Quinyon Mitchell,Quinyon Mitchell is the [MASK],ultimate
Quinyon Mitchell,Quinyon Mitchell had a [MASK] performance,great
Quinyon Mitchell,Quinyon Mitchell had a [MASK] performance,good
Quinyon Mitchell,Quinyon Mitchell had a [MASK] performance,similar
Quinyon Mitchell,Quinyon Mitchell had a [MASK] performance,full
Quinyon Mitchell,Quinyon Mitchell had a [MASK] performance,career
Quinyon Mitchell,Quinyon Mitchell is getting [MASK],a
Quinyon Mitchell,Quinyon Mitchell is getting [MASK],better
Quinyon Mitchell,Quinyon Mitchell is getting [MASK],an
Quinyon Mitchell,Quinyon Mitchell is getting [MASK],the
Quinyon Mitchell,Quinyon Mitchell is getting [MASK],paid
Quinyon Mitchell,Quinyon Mitchell is a [MASK] player,basketball
Quinyon Mitchell,Quinyon Mitchell is a [MASK] player,different
Quinyon Mitchell,Quinyon Mitchell is a [MASK] player,special
Quinyon Mitchell,Quinyon Mitchell is a [MASK] player,defensive
Quinyon Mitchell,Quinyon Mitchell is a [MASK] player,good
Quinyon Mitchell,Quinyon Mitchell is one of the most [MASK] players,valuable
Quinyon Mitchell,Quinyon Mitchell is one of the most [MASK] players,important
Quinyon Mitchell,Quinyon Mitchell is one of the most [MASK] players,exciting
Quinyon Mitchell,Quinyon Mitchell is one of the most [MASK] players,iconic
Quinyon Mitchell,Quinyon Mitchell is one of the most [MASK] players,famous
Quinyon Mitchell,Quinyon Mitchell looks [MASK] on the field,good
Quinyon Mitchell,Quinyon Mitchell looks [MASK] on the field,back
Quinyon Mitchell,Quinyon Mitchell looks [MASK] on the field,great
Quinyon Mitchell,Quinyon Mitchell looks [MASK] on the field,lost
Quinyon Mitchell,Quinyon Mitchell looks [MASK] on the field,solid
Quinyon Mitchell,Quinyon Mitchell has been [MASK] this season,active
Quinyon Mitchell,Quinyon Mitchell has been [MASK] this season,injured
Quinyon Mitchell,Quinyon Mitchell has been [MASK] this season,suspended
Quinyon Mitchell,Quinyon Mitchell has been [MASK] this season,busy
Quinyon Mitchell,Quinyon Mitchell has been [MASK] this season,ejected
Zack Baun,Zack Baun is a [MASK],strike
Zack Baun,Zack Baun is a [MASK],'
Zack Baun,Zack Baun is a [MASK],teammate
Zack Baun,Zack Baun is a [MASK],professional
Zack Baun,Zack Baun is a [MASK],triple
Zack Baun,Zack Baun is an [MASK],ace
Zack Baun,Zack Baun is an [MASK],mlb
Zack Baun,Zack Baun is an [MASK],absolute
Zack Baun,Zack Baun is an [MASK],nba
Zack Baun,Zack Baun is an [MASK],##cel
Zack Baun,Zack Baun is the [MASK],4th
Zack Baun,Zack Baun is the [MASK],call
Zack Baun,Zack Baun is the [MASK],third
Zack Baun,Zack Baun is the [MASK],ultimate
Zack Baun,Zack Baun is the [MASK],ace
Zack Baun,Zack Baun had a [MASK] performance,great
Zack Baun,Zack Baun had a [MASK] performance,similar
Zack Baun,Zack Baun had a [MASK] performance,full
Zack Baun,Zack Baun had a [MASK] performance,good
Zack Baun,Zack Baun had a [MASK] performance,complete
Zack Baun,Zack Baun is getting [MASK],a
Zack Baun,Zack Baun is getting [MASK],an
Zack Baun,Zack Baun is getting [MASK],the
Zack Baun,Zack Baun is getting [MASK],his
Zack Baun,Zack Baun is getting [MASK],better
Zack Baun,Zack Baun is a [MASK] player,basketball
Zack Baun,Zack Baun is a [MASK] player,baseball
Zack Baun,Zack Baun is a [MASK] player,different
Zack Baun,Zack Baun is a [MASK] player,complete
Zack Baun,Zack Baun is a [MASK] player,defensive
Zack Baun,Zack Baun is one of the most [MASK] players,important
Zack Baun,Zack Baun is one of the most [MASK] players,valuable
Zack Baun,Zack Baun is one of the most [MASK] players,exciting
Zack Baun,Zack Baun is one of the most [MASK] players,expensive
Zack Baun,Zack Baun is one of the most [MASK] players,famous
Zack Baun,Zack Baun looks [MASK] on the field,good
Zack Baun,Zack Baun looks [MASK] on the field,back
Zack Baun,Zack Baun looks [MASK] on the field,great
Zack Baun,Zack Baun looks [MASK] on the field,solid
Zack Baun,Zack Baun looks [MASK] on the field,like
Zack Baun,Zack Baun has been [MASK] this season,active
Zack Baun,Zack Baun has been [MASK] this season,traded
Zack Baun,Zack Baun has been [MASK] this season,ejected
Zack Baun,Zack Baun has been [MASK] this season,injured
Zack Baun,Zack Baun has been [MASK] this season,suspended
