level,alignment,pos_group,player,team,position,metric,n,pearson_r,pearson_p,spearman_r,spearman_p,distance_cor,pearson_sig,spearman_sig
per_player,sentiment index leads (sent W -> perf W+1),QB,Daniel Jones,IND,QB,fantasy_points_ppr,12,-0.4977,0.0996,-0.6503,0.022,0.5597,,*
per_player,sentiment index leads (sent W -> perf W+1),WR_TE,Michael Pittman,IND,WR,fantasy_points_ppr,16,-0.5451,0.029,-0.55,0.0273,0.5707,*,*
per_player,perf leads (perf W -> sent W+1),QB,Daniel Jones,IND,QB,fantasy_points_ppr,13,-0.3385,0.2579,-0.5,0.0819,0.6139,,
per_player,sentiment index leads (sent W -> perf W+1),WR_TE,Mike Evans,TB,WR,fantasy_points_ppr,7,0.5197,0.2319,0.4865,0.2682,0.5887,,
per_player,concurrent (W vs W),WR_TE,Xavier Worthy,KC,WR,fantasy_points_ppr,14,-0.4901,0.0752,-0.4857,0.0783,0.5156,,
per_player,concurrent (W vs W),QB,Daniel Jones,IND,QB,fantasy_points_ppr,13,-0.2947,0.3284,-0.4835,0.0941,0.5462,,
per_player,sentiment index leads (sent W -> perf W+1),WR_TE,Keenan Allen,LAC,WR,fantasy_points_ppr,16,0.4903,0.0539,0.4765,0.0621,0.4895,,
per_player,sentiment index leads (sent W -> perf W+1),QB,Sam Darnold,SEA,QB,fantasy_points_ppr,16,-0.4709,0.0656,-0.4706,0.0658,0.5597,,
per_player,concurrent (W vs W),WR_TE,Michael Pittman,IND,WR,fantasy_points_ppr,17,-0.4457,0.073,-0.424,0.0898,0.4933,,
per_player,concurrent (W vs W),WR_TE,Chris Godwin,TB,WR,fantasy_points_ppr,9,0.3608,0.3401,0.4167,0.2646,0.4801,,
per_player,concurrent (W vs W),WR_TE,Keenan Allen,LAC,WR,fantasy_points_ppr,17,0.4727,0.0554,0.4093,0.1028,0.5056,,
per_player,perf leads (perf W -> sent W+1),RB,Jonathan Taylor,IND,RB,fantasy_points_ppr,16,-0.408,0.1167,-0.4029,0.1217,0.5168,,
per_player,concurrent (W vs W),WR_TE,Tee Higgins,CIN,WR,fantasy_points_ppr,15,0.1127,0.6894,0.3964,0.1435,0.3734,,
per_player,concurrent (W vs W),RB,Jonathan Taylor,IND,RB,fantasy_points_ppr,17,-0.325,0.2031,-0.3946,0.117,0.4872,,
per_player,concurrent (W vs W),QB,Sam Darnold,SEA,QB,fantasy_points_ppr,17,-0.3971,0.1145,-0.3946,0.117,0.4943,,
per_player,concurrent (W vs W),QB,Patrick Mahomes,KC,QB,fantasy_points_ppr,14,-0.3856,0.1734,-0.3846,0.1745,0.4408,,
per_player,sentiment index leads (sent W -> perf W+1),RB,Jonathan Taylor,IND,RB,fantasy_points_ppr,16,-0.3883,0.1373,-0.3735,0.1541,0.4879,,
per_player,sentiment index leads (sent W -> perf W+1),QB,Patrick Mahomes,KC,QB,fantasy_points_ppr,13,-0.4363,0.1361,-0.3681,0.2159,0.4798,,
per_player,sentiment index leads (sent W -> perf W+1),QB,Joe Burrow,CIN,QB,fantasy_points_ppr,7,-0.1055,0.8218,-0.3571,0.4316,0.4703,,
per_player,concurrent (W vs W),WR_TE,George Pickens,DAL,WR,fantasy_points_ppr,17,-0.3917,0.12,-0.3505,0.1678,0.4675,,
per_player,perf leads (perf W -> sent W+1),WR_TE,Kayshon Boutte,NE,WR,fantasy_points_ppr,13,-0.2315,0.4466,-0.3411,0.254,0.415,,
per_player,perf leads (perf W -> sent W+1),WR_TE,Michael Pittman,IND,WR,fantasy_points_ppr,16,-0.3673,0.1616,-0.3353,0.2043,0.4462,,
per_player,sentiment index leads (sent W -> perf W+1),RB,Javonte Williams,DAL,RB,fantasy_points_ppr,15,-0.2561,0.3569,-0.325,0.2372,0.374,,
per_player,perf leads (perf W -> sent W+1),QB,Joe Burrow,CIN,QB,fantasy_points_ppr,7,0.2348,0.6124,0.3214,0.4821,0.4847,,
per_player,perf leads (perf W -> sent W+1),RB,TreVeyon Henderson,NE,RB,fantasy_points_ppr,16,0.2272,0.3975,0.3206,0.226,0.2982,,
per_player,concurrent (W vs W),WR_TE,Travis Kelce,KC,TE,fantasy_points_ppr,17,0.2297,0.3752,0.3186,0.2126,0.3912,,
per_player,sentiment index leads (sent W -> perf W+1),WR_TE,Stefon Diggs,NE,WR,fantasy_points_ppr,16,-0.2574,0.3359,-0.3118,0.2398,0.3476,,
per_player,perf leads (perf W -> sent W+1),QB,Sam Darnold,SEA,QB,fantasy_points_ppr,16,-0.3902,0.1351,-0.3118,0.2398,0.4772,,
per_player,concurrent (W vs W),RB,Javonte Williams,DAL,RB,fantasy_points_ppr,16,-0.281,0.2917,-0.3088,0.2445,0.3545,,
per_player,sentiment index leads (sent W -> perf W+1),WR_TE,Jaxon Smith-Njigba,SEA,WR,fantasy_points_ppr,16,-0.249,0.3524,-0.3,0.2589,0.3965,,
per_player,concurrent (W vs W),QB,Caleb Williams,CHI,QB,fantasy_points_ppr,17,0.31,0.2259,0.299,0.2437,0.3972,,
per_player,perf leads (perf W -> sent W+1),QB,Drake Maye,NE,QB,fantasy_points_ppr,16,-0.3823,0.144,-0.2971,0.2639,0.4856,,
per_player,perf leads (perf W -> sent W+1),WR_TE,Mike Evans,TB,WR,fantasy_points_ppr,7,0.3895,0.3877,0.2883,0.5307,0.5406,,
per_player,sentiment index leads (sent W -> perf W+1),QB,Drake Maye,NE,QB,fantasy_points_ppr,16,-0.3337,0.2066,-0.2882,0.279,0.4495,,
per_player,perf leads (perf W -> sent W+1),WR_TE,Dalton Kincaid,BUF,TE,fantasy_points_ppr,11,-0.2734,0.4159,-0.287,0.3921,0.5024,,
per_player,concurrent (W vs W),WR_TE,Stefon Diggs,NE,WR,fantasy_points_ppr,17,-0.2239,0.3876,-0.2794,0.2774,0.3286,,
per_player,perf leads (perf W -> sent W+1),WR_TE,Travis Kelce,KC,TE,fantasy_points_ppr,16,0.1722,0.5236,0.2706,0.3108,0.3316,,
per_player,concurrent (W vs W),QB,Josh Allen,BUF,QB,fantasy_points_ppr,16,0.2848,0.285,0.2676,0.3163,0.4377,,
per_player,concurrent (W vs W),QB,Drake Maye,NE,QB,fantasy_points_ppr,17,-0.3299,0.1959,-0.2672,0.2999,0.4281,,
per_player,sentiment index leads (sent W -> perf W+1),WR_TE,Travis Kelce,KC,TE,fantasy_points_ppr,16,0.2122,0.4302,0.2647,0.3218,0.3845,,
per_player,perf leads (perf W -> sent W+1),RB,Kenneth Walker III,SEA,RB,fantasy_points_ppr,16,0.2433,0.3639,0.2618,0.3274,0.3534,,
per_player,perf leads (perf W -> sent W+1),WR_TE,George Pickens,DAL,WR,fantasy_points_ppr,16,-0.381,0.1454,-0.2588,0.3331,0.4559,,
per_player,perf leads (perf W -> sent W+1),QB,Caleb Williams,CHI,QB,fantasy_points_ppr,16,0.2291,0.3933,0.2588,0.3331,0.3592,,
per_player,sentiment index leads (sent W -> perf W+1),WR_TE,George Pickens,DAL,WR,fantasy_points_ppr,16,-0.3961,0.1288,-0.25,0.3504,0.4831,,
per_player,perf leads (perf W -> sent W+1),WR_TE,Keenan Allen,LAC,WR,fantasy_points_ppr,16,0.3703,0.1579,0.2441,0.3622,0.4014,,
per_player,perf leads (perf W -> sent W+1),WR_TE,CeeDee Lamb,DAL,WR,fantasy_points_ppr,13,0.324,0.2802,0.2173,0.4757,0.4807,,
per_player,concurrent (W vs W),QB,Joe Burrow,CIN,QB,fantasy_points_ppr,8,-0.1217,0.774,-0.2143,0.6103,0.494,,
per_player,perf leads (perf W -> sent W+1),WR_TE,Tee Higgins,CIN,WR,fantasy_points_ppr,14,0.0658,0.8233,0.2088,0.4738,0.2735,,
per_player,concurrent (W vs W),WR_TE,Kayshon Boutte,NE,WR,fantasy_points_ppr,14,-0.1498,0.6093,-0.2046,0.4829,0.331,,
per_player,sentiment index leads (sent W -> perf W+1),WR_TE,Xavier Worthy,KC,WR,fantasy_points_ppr,13,-0.2842,0.3467,-0.1758,0.5656,0.3839,,
per_player,concurrent (W vs W),RB,James Cook,BUF,RB,fantasy_points_ppr,17,0.2147,0.4079,0.174,0.5041,0.3908,,
per_player,perf leads (perf W -> sent W+1),WR_TE,Xavier Worthy,KC,WR,fantasy_points_ppr,14,-0.1811,0.5356,-0.1692,0.563,0.4195,,
per_player,sentiment index leads (sent W -> perf W+1),QB,Josh Allen,BUF,QB,fantasy_points_ppr,15,0.2115,0.4493,0.1607,0.5672,0.3649,,
per_player,perf leads (perf W -> sent W+1),WR_TE,Ja'Marr Chase,CIN,WR,fantasy_points_ppr,15,-0.1839,0.5118,-0.1607,0.5672,0.3874,,
per_player,concurrent (W vs W),RB,TreVeyon Henderson,NE,RB,fantasy_points_ppr,17,0.1318,0.6141,0.1569,0.5477,0.2642,,
per_player,concurrent (W vs W),WR_TE,Mike Evans,TB,WR,fantasy_points_ppr,8,0.3912,0.3379,0.1557,0.7128,0.5267,,
per_player,concurrent (W vs W),WR_TE,Jaxon Smith-Njigba,SEA,WR,fantasy_points_ppr,17,-0.1332,0.6102,-0.1544,0.554,0.3208,,
per_player,concurrent (W vs W),RB,Kenneth Walker III,SEA,RB,fantasy_points_ppr,17,0.1651,0.5265,0.152,0.5604,0.3212,,
per_player,sentiment index leads (sent W -> perf W+1),WR_TE,Dalton Kincaid,BUF,TE,fantasy_points_ppr,11,0.1942,0.5671,0.1503,0.659,0.3419,,
per_player,perf leads (perf W -> sent W+1),RB,Javonte Williams,DAL,RB,fantasy_points_ppr,16,-0.1745,0.5181,-0.1471,0.5868,0.3722,,
per_player,perf leads (perf W -> sent W+1),WR_TE,Stefon Diggs,NE,WR,fantasy_points_ppr,16,-0.1272,0.6388,-0.1382,0.6097,0.2919,,
per_player,sentiment index leads (sent W -> perf W+1),QB,Caleb Williams,CHI,QB,fantasy_points_ppr,16,0.1883,0.485,0.1265,0.6407,0.3317,,
per_player,sentiment index leads (sent W -> perf W+1),WR_TE,Tee Higgins,CIN,WR,fantasy_points_ppr,14,-0.0262,0.9291,0.1253,0.6696,0.2885,,
per_player,perf leads (perf W -> sent W+1),WR_TE,Jaxon Smith-Njigba,SEA,WR,fantasy_points_ppr,16,-0.0723,0.7901,-0.1235,0.6485,0.3297,,
per_player,sentiment index leads (sent W -> perf W+1),QB,Baker Mayfield,TB,QB,fantasy_points_ppr,16,0.1599,0.5542,0.1235,0.6485,0.3564,,
per_player,perf leads (perf W -> sent W+1),QB,Baker Mayfield,TB,QB,fantasy_points_ppr,16,-0.0974,0.7198,-0.1088,0.6883,0.3633,,
per_player,sentiment index leads (sent W -> perf W+1),RB,TreVeyon Henderson,NE,RB,fantasy_points_ppr,16,-0.1672,0.5359,-0.1059,0.6963,0.3371,,
per_player,perf leads (perf W -> sent W+1),WR_TE,DJ Moore,CHI,WR,fantasy_points_ppr,16,-0.1143,0.6733,-0.0986,0.7164,0.363,,
per_player,perf leads (perf W -> sent W+1),QB,Josh Allen,BUF,QB,fantasy_points_ppr,16,-0.0137,0.9599,-0.0971,0.7207,0.2949,,
per_player,concurrent (W vs W),WR_TE,Rome Odunze,CHI,WR,fantasy_points_ppr,12,0.1937,0.5464,0.0946,0.77,0.3576,,
per_player,perf leads (perf W -> sent W+1),WR_TE,Rome Odunze,CHI,WR,fantasy_points_ppr,12,0.0177,0.9565,-0.0911,0.7783,0.4092,,
per_player,sentiment index leads (sent W -> perf W+1),RB,Saquon Barkley,PHI,RB,fantasy_points_ppr,15,0.0225,0.9366,-0.0893,0.7517,0.3449,,
per_player,sentiment index leads (sent W -> perf W+1),WR_TE,Ja'Marr Chase,CIN,WR,fantasy_points_ppr,15,0.1268,0.6525,0.0893,0.7517,0.3965,,
per_player,sentiment index leads (sent W -> perf W+1),WR_TE,Chris Godwin,TB,WR,fantasy_points_ppr,9,0.0455,0.9075,0.0833,0.8312,0.5296,,
per_player,perf leads (perf W -> sent W+1),WR_TE,A.J. Brown,PHI,WR,fantasy_points_ppr,15,0.1603,0.5681,0.075,0.7905,0.3614,,
per_player,concurrent (W vs W),RB,Saquon Barkley,PHI,RB,fantasy_points_ppr,16,0.0119,0.9651,-0.0735,0.7867,0.3354,,
per_player,sentiment index leads (sent W -> perf W+1),QB,Dak Prescott,DAL,QB,fantasy_points_ppr,16,0.1544,0.5682,0.0676,0.8034,0.4068,,
per_player,perf leads (perf W -> sent W+1),WR_TE,Chris Godwin,TB,WR,fantasy_points_ppr,8,0.0265,0.9503,0.0476,0.9108,0.4998,,
per_player,sentiment index leads (sent W -> perf W+1),WR_TE,Rome Odunze,CHI,WR,fantasy_points_ppr,11,0.1751,0.6065,0.0456,0.8942,0.3429,,
per_player,perf leads (perf W -> sent W+1),RB,Saquon Barkley,PHI,RB,fantasy_points_ppr,16,0.0295,0.9135,-0.0441,0.8711,0.291,,
per_player,perf leads (perf W -> sent W+1),QB,Patrick Mahomes,KC,QB,fantasy_points_ppr,14,-0.1866,0.5229,-0.0418,0.8873,0.3269,,
per_player,concurrent (W vs W),WR_TE,A.J. Brown,PHI,WR,fantasy_points_ppr,15,0.1283,0.6486,-0.0393,0.8894,0.2896,,
per_player,perf leads (perf W -> sent W+1),QB,Jalen Hurts,PHI,QB,fantasy_points_ppr,16,0.0574,0.8327,0.0382,0.8882,0.2907,,
per_player,sentiment index leads (sent W -> perf W+1),WR_TE,Kayshon Boutte,NE,WR,fantasy_points_ppr,13,0.0826,0.7885,-0.0358,0.9077,0.3449,,
per_player,sentiment index leads (sent W -> perf W+1),WR_TE,A.J. Brown,PHI,WR,fantasy_points_ppr,14,0.1175,0.6891,0.033,0.9109,0.3489,,
per_player,sentiment index leads (sent W -> perf W+1),QB,Jalen Hurts,PHI,QB,fantasy_points_ppr,15,-0.0575,0.8388,-0.0321,0.9095,0.3015,,
per_player,concurrent (W vs W),QB,Dak Prescott,DAL,QB,fantasy_points_ppr,17,0.0658,0.8018,-0.0294,0.9108,0.3642,,
per_player,perf leads (perf W -> sent W+1),RB,James Cook,BUF,RB,fantasy_points_ppr,16,-0.0044,0.9871,-0.0265,0.9225,0.3399,,
per_player,sentiment index leads (sent W -> perf W+1),RB,James Cook,BUF,RB,fantasy_points_ppr,16,0.0251,0.9265,-0.0265,0.9225,0.4081,,
per_player,concurrent (W vs W),QB,Jalen Hurts,PHI,QB,fantasy_points_ppr,16,0.0064,0.9812,-0.0265,0.9225,0.2887,,
per_player,concurrent (W vs W),WR_TE,CeeDee Lamb,DAL,WR,fantasy_points_ppr,14,0.0876,0.7658,-0.0154,0.9583,0.4067,,
per_player,concurrent (W vs W),WR_TE,DJ Moore,CHI,WR,fantasy_points_ppr,17,0.0988,0.7059,0.0147,0.9553,0.3245,,
per_player,sentiment index leads (sent W -> perf W+1),WR_TE,CeeDee Lamb,DAL,WR,fantasy_points_ppr,13,0.031,0.9199,-0.0138,0.9644,0.4657,,
per_player,concurrent (W vs W),WR_TE,Ja'Marr Chase,CIN,WR,fantasy_points_ppr,16,0.0649,0.8114,0.0088,0.9741,0.386,,
per_player,concurrent (W vs W),WR_TE,Dalton Kincaid,BUF,TE,fantasy_points_ppr,12,0.1816,0.5722,0.007,0.9828,0.404,,
per_player,sentiment index leads (sent W -> perf W+1),RB,Kenneth Walker III,SEA,RB,fantasy_points_ppr,16,0.044,0.8713,-0.0059,0.9828,0.2773,,
per_player,sentiment index leads (sent W -> perf W+1),WR_TE,DJ Moore,CHI,WR,fantasy_points_ppr,16,0.0664,0.807,0.0044,0.9871,0.348,,
per_player,perf leads (perf W -> sent W+1),QB,Dak Prescott,DAL,QB,fantasy_points_ppr,16,0.0383,0.8881,0.0029,0.9914,0.3265,,
per_player,concurrent (W vs W),QB,Baker Mayfield,TB,QB,fantasy_points_ppr,17,0.0265,0.9197,0.0025,0.9926,0.3026,,
per_player,concurrent (W vs W),DEF,Antoine Winfield Jr.,TB,FS,fantasy_points_ppr,17,,,,,0.0,,
per_player,concurrent (W vs W),DEF,Chris Jones,KC,DE,fantasy_points_ppr,17,,,,,0.0,,
per_player,concurrent (W vs W),DEF,Christian Gonzalez,NE,CB,fantasy_points_ppr,14,,,,,0.0,,
per_player,concurrent (W vs W),DEF,Devon Witherspoon,SEA,CB,fantasy_points_ppr,12,,,,,0.0,,
per_player,concurrent (W vs W),DEF,Gregory Rousseau,BUF,DE,fantasy_points_ppr,16,,,,,0.0,,
per_player,concurrent (W vs W),DEF,Jaylon Johnson,CHI,CB,fantasy_points_ppr,7,,,,,0.0,,
per_player,concurrent (W vs W),DEF,Laiatu Latu,IND,DE,fantasy_points_ppr,16,,,,,0.0,,
per_player,concurrent (W vs W),DEF,Matt Milano,BUF,OLB,fantasy_points_ppr,12,,,,,0.0,,
per_player,concurrent (W vs W),DEF,Quinnen Williams,NYJ,DT,fantasy_points_ppr,15,,,,,0.0,,
per_player,concurrent (W vs W),DEF,Quinyon Mitchell,PHI,CB,fantasy_points_ppr,16,,,,,0.0,,
per_player,concurrent (W vs W),DEF,Tariq Woolen,SEA,CB,fantasy_points_ppr,16,,,,,0.0,,
per_player,concurrent (W vs W),DEF,Trent McDuffie,KC,CB,fantasy_points_ppr,13,,,,,0.0,,
per_player,concurrent (W vs W),DEF,Trey Hendrickson,CIN,DE,fantasy_points_ppr,7,,,,,0.0,,
per_player,concurrent (W vs W),DEF,Vita Vea,TB,DT,fantasy_points_ppr,17,,,,,0.0,,
per_player,concurrent (W vs W),DEF,Zack Baun,PHI,ILB,fantasy_points_ppr,16,,,,,0.0,,
per_player,sentiment index leads (sent W -> perf W+1),DEF,Antoine Winfield Jr.,TB,FS,fantasy_points_ppr,16,,,,,0.0,,
per_player,sentiment index leads (sent W -> perf W+1),DEF,Chris Jones,KC,DE,fantasy_points_ppr,16,,,,,0.0,,
per_player,sentiment index leads (sent W -> perf W+1),DEF,Christian Gonzalez,NE,CB,fantasy_points_ppr,14,,,,,0.0,,
per_player,sentiment index leads (sent W -> perf W+1),DEF,Devon Witherspoon,SEA,CB,fantasy_points_ppr,11,,,,,0.0,,
per_player,sentiment index leads (sent W -> perf W+1),DEF,Gregory Rousseau,BUF,DE,fantasy_points_ppr,15,,,,,0.0,,
per_player,sentiment index leads (sent W -> perf W+1),DEF,Jaylon Johnson,CHI,CB,fantasy_points_ppr,7,,,,,0.0,,
per_player,sentiment index leads (sent W -> perf W+1),DEF,Laiatu Latu,IND,DE,fantasy_points_ppr,15,,,,,0.0,,
per_player,sentiment index leads (sent W -> perf W+1),DEF,Matt Milano,BUF,OLB,fantasy_points_ppr,11,,,,,0.0,,
per_player,sentiment index leads (sent W -> perf W+1),DEF,Quinnen Williams,NYJ,DT,fantasy_points_ppr,14,,,,,0.0,,
per_player,sentiment index leads (sent W -> perf W+1),DEF,Quinyon Mitchell,PHI,CB,fantasy_points_ppr,15,,,,,0.0,,
per_player,sentiment index leads (sent W -> perf W+1),DEF,Tariq Woolen,SEA,CB,fantasy_points_ppr,15,,,,,0.0,,
per_player,sentiment index leads (sent W -> perf W+1),DEF,Trent McDuffie,KC,CB,fantasy_points_ppr,12,,,,,0.0,,
per_player,sentiment index leads (sent W -> perf W+1),DEF,Trey Hendrickson,CIN,DE,fantasy_points_ppr,6,,,,,0.0,,
per_player,sentiment index leads (sent W -> perf W+1),DEF,Vita Vea,TB,DT,fantasy_points_ppr,16,,,,,0.0,,
per_player,sentiment index leads (sent W -> perf W+1),DEF,Zack Baun,PHI,ILB,fantasy_points_ppr,15,,,,,0.0,,
per_player,perf leads (perf W -> sent W+1),DEF,Antoine Winfield Jr.,TB,FS,fantasy_points_ppr,16,,,,,0.0,,
per_player,perf leads (perf W -> sent W+1),DEF,Chris Jones,KC,DE,fantasy_points_ppr,16,,,,,0.0,,
per_player,perf leads (perf W -> sent W+1),DEF,Christian Gonzalez,NE,CB,fantasy_points_ppr,13,,,,,0.0,,
per_player,perf leads (perf W -> sent W+1),DEF,Devon Witherspoon,SEA,CB,fantasy_points_ppr,11,,,,,0.0,,
per_player,perf leads (perf W -> sent W+1),DEF,Gregory Rousseau,BUF,DE,fantasy_points_ppr,16,,,,,0.0,,
per_player,perf leads (perf W -> sent W+1),DEF,Jaylon Johnson,CHI,CB,fantasy_points_ppr,6,,,,,0.0,,
per_player,perf leads (perf W -> sent W+1),DEF,Laiatu Latu,IND,DE,fantasy_points_ppr,15,,,,,0.0,,
per_player,perf leads (perf W -> sent W+1),DEF,Matt Milano,BUF,OLB,fantasy_points_ppr,12,,,,,0.0,,
per_player,perf leads (perf W -> sent W+1),DEF,Quinnen Williams,NYJ,DT,fantasy_points_ppr,14,,,,,0.0,,
per_player,perf leads (perf W -> sent W+1),DEF,Quinyon Mitchell,PHI,CB,fantasy_points_ppr,16,,,,,0.0,,
per_player,perf leads (perf W -> sent W+1),DEF,Tariq Woolen,SEA,CB,fantasy_points_ppr,15,,,,,0.0,,
per_player,perf leads (perf W -> sent W+1),DEF,Trent McDuffie,KC,CB,fantasy_points_ppr,13,,,,,0.0,,
per_player,perf leads (perf W -> sent W+1),DEF,Trey Hendrickson,CIN,DE,fantasy_points_ppr,7,,,,,0.0,,
per_player,perf leads (perf W -> sent W+1),DEF,Vita Vea,TB,DT,fantasy_points_ppr,16,,,,,0.0,,
per_player,perf leads (perf W -> sent W+1),DEF,Zack Baun,PHI,ILB,fantasy_points_ppr,16,,,,,0.0,,
