alignment,metric,n,pearson_r,pearson_p,spearman_r,spearman_p,distance_cor,pearson_sig,spearman_sig
concurrent (W vs W),interceptions,290,0.1409,0.0164,0.1243,0.0343,0.1375,*,*
concurrent (W vs W),defensive_stops,290,0.1305,0.0263,0.1154,0.0497,0.1306,*,*
concurrent (W vs W),total_td,290,0.1103,0.0607,0.1109,0.0592,0.1338,,
concurrent (W vs W),pass_yards,290,0.1147,0.0511,0.1099,0.0617,0.1269,,
concurrent (W vs W),rush_td,290,0.085,0.1487,0.1064,0.0704,0.1135,,
concurrent (W vs W),total_yards,290,0.1042,0.0763,0.1063,0.0706,0.1209,,
concurrent (W vs W),opp_defense_dvoa,290,0.0972,0.0985,0.0986,0.0939,0.1068,,
concurrent (W vs W),sacks,290,0.1126,0.0554,0.0983,0.0947,0.1154,,
concurrent (W vs W),total_fantasy_pts,290,0.0926,0.1157,0.0975,0.0976,0.117,,
concurrent (W vs W),pass_td,290,0.1104,0.0604,0.0959,0.103,0.1293,,
concurrent (W vs W),passes_defended,290,0.1139,0.0527,0.0917,0.1193,0.1223,,
concurrent (W vs W),completion_pct,290,0.0856,0.1459,0.0911,0.1215,0.1141,,
concurrent (W vs W),total_touches,290,0.0752,0.2017,0.0819,0.1644,0.104,,
concurrent (W vs W),opp_offense_dvoa,290,-0.105,0.0742,-0.0811,0.1682,0.1337,,
concurrent (W vs W),total_opps,290,0.069,0.2412,0.0738,0.2103,0.1039,,
concurrent (W vs W),receptions,290,0.068,0.2484,0.0704,0.2322,0.1208,,
concurrent (W vs W),rush_yards,290,0.0631,0.2844,0.0675,0.2518,0.091,,
concurrent (W vs W),targets,290,0.0574,0.3299,0.0586,0.3196,0.1122,,
concurrent (W vs W),tackles,290,0.0486,0.4097,0.049,0.4061,0.1053,,
concurrent (W vs W),pass_int,290,0.0501,0.3951,0.0222,0.7062,0.0914,,
concurrent (W vs W),yards_per_rush,290,-0.013,0.8253,-0.0185,0.7533,0.098,,
sentiment leads (sent W → perf W+1),pass_yards,261,0.1715,0.0055,0.1843,0.0028,0.1881,**,**
sentiment leads (sent W → perf W+1),pass_td,261,0.1709,0.0056,0.1733,0.005,0.1889,**,**
sentiment leads (sent W → perf W+1),total_yards,261,0.1467,0.0177,0.1542,0.0126,0.17,*,*
sentiment leads (sent W → perf W+1),total_td,261,0.1408,0.0229,0.1448,0.0192,0.1659,*,*
sentiment leads (sent W → perf W+1),defensive_stops,261,0.126,0.0419,0.1122,0.0705,0.1281,*,
sentiment leads (sent W → perf W+1),total_fantasy_pts,261,0.1031,0.0965,0.11,0.0762,0.1272,,
sentiment leads (sent W → perf W+1),interceptions,261,0.1305,0.035,0.1089,0.0791,0.1265,*,
sentiment leads (sent W → perf W+1),pass_int,261,0.0892,0.1507,0.0952,0.1249,0.1116,,
sentiment leads (sent W → perf W+1),sacks,261,0.1101,0.0757,0.0929,0.1345,0.12,,
sentiment leads (sent W → perf W+1),rush_td,261,0.0649,0.2964,0.0897,0.1484,0.1114,,
sentiment leads (sent W → perf W+1),completion_pct,261,0.0682,0.272,0.0862,0.165,0.1304,,
sentiment leads (sent W → perf W+1),total_touches,261,0.0791,0.2027,0.0856,0.168,0.1092,,
sentiment leads (sent W → perf W+1),opp_offense_dvoa,261,-0.0882,0.1554,-0.0838,0.1772,0.1053,,
sentiment leads (sent W → perf W+1),total_opps,261,0.0713,0.2511,0.0775,0.2121,0.105,,
sentiment leads (sent W → perf W+1),rush_yards,261,0.0678,0.2754,0.074,0.2335,0.0984,,
sentiment leads (sent W → perf W+1),receptions,261,0.0674,0.2783,0.0688,0.2682,0.1151,,
sentiment leads (sent W → perf W+1),passes_defended,261,0.0808,0.1932,0.0611,0.3258,0.1074,,
sentiment leads (sent W → perf W+1),targets,261,0.055,0.3765,0.0535,0.3895,0.1064,,
sentiment leads (sent W → perf W+1),yards_per_rush,261,-0.0356,0.5666,-0.0464,0.4559,0.0992,,
sentiment leads (sent W → perf W+1),tackles,261,0.0191,0.7585,0.0243,0.696,0.0912,,
sentiment leads (sent W → perf W+1),opp_defense_dvoa,261,-0.0133,0.8306,-0.0086,0.8903,0.0871,,
perf leads (perf W → sent W+1),pass_yards,256,0.1284,0.0402,0.13,0.0377,0.1454,*,*
perf leads (perf W → sent W+1),defensive_stops,256,0.1378,0.0275,0.1236,0.0482,0.1407,*,*
perf leads (perf W → sent W+1),total_yards,256,0.1126,0.072,0.1179,0.0597,0.1364,,
perf leads (perf W → sent W+1),sacks,256,0.1252,0.0453,0.1088,0.0823,0.1338,*,
perf leads (perf W → sent W+1),total_td,256,0.0972,0.1207,0.1019,0.1037,0.1329,,
perf leads (perf W → sent W+1),interceptions,256,0.1323,0.0344,0.0998,0.1113,0.1297,*,
perf leads (perf W → sent W+1),pass_td,256,0.1135,0.0698,0.0994,0.1127,0.1314,,
perf leads (perf W → sent W+1),pass_int,256,0.0943,0.1324,0.096,0.1256,0.1158,,
perf leads (perf W → sent W+1),total_fantasy_pts,256,0.0933,0.1364,0.0945,0.1317,0.1234,,
perf leads (perf W → sent W+1),total_touches,256,0.0867,0.1665,0.0886,0.1575,0.1194,,
perf leads (perf W → sent W+1),passes_defended,256,0.1113,0.0754,0.088,0.1602,0.1269,,
perf leads (perf W → sent W+1),total_opps,256,0.0842,0.1791,0.0872,0.1641,0.1185,,
perf leads (perf W → sent W+1),receptions,256,0.0832,0.1847,0.0833,0.1839,0.1299,,
perf leads (perf W → sent W+1),targets,256,0.0783,0.2117,0.0775,0.2166,0.1245,,
perf leads (perf W → sent W+1),rush_td,256,0.0543,0.3867,0.0703,0.2626,0.1103,,
perf leads (perf W → sent W+1),yards_per_rush,256,-0.0761,0.2249,-0.0692,0.2699,0.1062,,
perf leads (perf W → sent W+1),rush_yards,256,0.0628,0.3172,0.0683,0.2761,0.1079,,
perf leads (perf W → sent W+1),tackles,256,0.0601,0.3385,0.0618,0.3246,0.1086,,
perf leads (perf W → sent W+1),opp_defense_dvoa,256,0.0702,0.263,0.0478,0.446,0.093,,
perf leads (perf W → sent W+1),opp_offense_dvoa,256,-0.0157,0.8022,-0.0451,0.4725,0.0963,,
perf leads (perf W → sent W+1),completion_pct,256,0.0324,0.6056,0.0345,0.5827,0.0822,,
