level,alignment,pos_group,metric,n,pearson_r,pearson_p,spearman_r,spearman_p,distance_cor,pearson_sig,spearman_sig
population,concurrent (W vs W),RB,fantasy_points_ppr,98,0.4372,0.0,0.4235,0.0,0.4597,***,***
population,concurrent (W vs W),RB,stats_rushing_rush_td,98,0.4141,0.0,0.3787,0.0001,0.41,***,***
population,concurrent (W vs W),WR_TE,fantasy_points_ppr,234,0.219,0.0007,0.2607,0.0001,0.2617,***,***
population,concurrent (W vs W),RB,stats_rushing_rush_yards,98,0.2894,0.0039,0.258,0.0103,0.3184,**,*
population,concurrent (W vs W),QB,fantasy_points_ppr,152,0.22,0.0065,0.2568,0.0014,0.2587,**,**
population,concurrent (W vs W),QB,stats_passing_qb_rating,152,0.1215,0.1361,0.2506,0.0018,0.2515,,**
population,concurrent (W vs W),WR_TE,stats_receiving_rec_td,234,0.2066,0.0015,0.2481,0.0001,0.2617,**,***
population,concurrent (W vs W),QB,stats_passing_pass_int,152,-0.238,0.0032,-0.2377,0.0032,0.2505,**,**
population,concurrent (W vs W),QB,stats_passing_pass_td,152,0.1755,0.0306,0.2111,0.0091,0.2226,*,**
population,concurrent (W vs W),WR_TE,stats_receiving_rec_yards,234,0.1864,0.0042,0.2022,0.0019,0.1955,**,**
population,perf leads (perf W → sent W+1),DEF,stats_tackles_tackle_total,146,0.1492,0.0723,0.1922,0.0202,0.1906,,*
population,concurrent (W vs W),QB,stats_passing_pass_yards,152,0.1992,0.0139,0.1795,0.0269,0.2027,*,*
population,perf leads (perf W → sent W+1),RB,stats_receiving_rec_yards,86,-0.118,0.2793,-0.1728,0.1117,0.1873,,
population,concurrent (W vs W),RB,total_touches,98,0.1862,0.0664,0.1722,0.09,0.2157,,
population,sentiment leads (sent W → perf W+1),RB,stats_rushing_rush_td,84,0.1108,0.3159,0.171,0.1199,0.2041,,
population,concurrent (W vs W),RB,total_opportunities,98,0.1768,0.0816,0.1675,0.0993,0.22,,
population,concurrent (W vs W),RB,stats_receiving_rec_yards,98,0.1576,0.1212,0.1617,0.1117,0.1764,,
population,concurrent (W vs W),RB,stats_receiving_rec_td,98,0.1548,0.128,0.148,0.1458,0.164,,
population,concurrent (W vs W),DEF,stats_interceptions_passes_defended,175,0.1288,0.0894,0.145,0.0556,0.148,,
population,concurrent (W vs W),RB,stats_rushing_rush_attempts,98,0.1737,0.0873,0.1431,0.1598,0.1986,,
population,sentiment leads (sent W → perf W+1),RB,fantasy_points_ppr,84,0.0747,0.4992,0.136,0.2173,0.1838,,
population,concurrent (W vs W),WR_TE,stats_receiving_receptions,234,0.1021,0.1193,0.1357,0.0381,0.1586,,*
population,sentiment leads (sent W → perf W+1),DEF,stats_tackles_tackle_total,140,0.1438,0.0901,0.1335,0.1158,0.156,,
population,concurrent (W vs W),WR_TE,total_touches,234,0.1031,0.1158,0.1332,0.0418,0.1524,,*
population,perf leads (perf W → sent W+1),RB,stats_rushing_rush_yards,86,0.1602,0.1406,0.131,0.2292,0.1865,,
population,concurrent (W vs W),WR_TE,stats_snap_counts_offense_snaps,234,-0.0427,0.5156,-0.1277,0.0511,0.1638,,
population,sentiment leads (sent W → perf W+1),QB,stats_snap_counts_offense_snaps,133,0.0589,0.5004,0.1268,0.1457,0.1779,,
population,sentiment leads (sent W → perf W+1),RB,stats_receiving_rec_td,84,-0.1398,0.2046,-0.123,0.2649,0.1835,,
population,perf leads (perf W → sent W+1),QB,stats_passing_pass_completions,137,0.0935,0.2772,0.1194,0.1646,0.1685,,
population,concurrent (W vs W),DEF,stats_interceptions_interceptions,175,0.1153,0.1287,0.1191,0.1165,0.1233,,
population,perf leads (perf W → sent W+1),QB,stats_snap_counts_offense_snaps,137,0.0916,0.2872,0.1175,0.1717,0.1928,,
population,perf leads (perf W → sent W+1),RB,stats_receiving_targets,86,-0.1542,0.1562,-0.1165,0.2856,0.2074,,
population,perf leads (perf W → sent W+1),DEF,stats_snap_counts_offense_snaps,146,-0.0998,0.2307,-0.1161,0.163,0.1331,,
population,sentiment leads (sent W → perf W+1),RB,total_touches,84,0.0858,0.4378,0.1147,0.2987,0.2094,,
population,sentiment leads (sent W → perf W+1),RB,stats_rushing_rush_yards,84,0.0521,0.6377,0.1146,0.2994,0.1948,,
population,concurrent (W vs W),RB,stats_receiving_receptions,98,0.0729,0.4753,0.1112,0.2758,0.1838,,
population,sentiment leads (sent W → perf W+1),DEF,stats_interceptions_passes_defended,140,0.1306,0.1239,0.1089,0.2004,0.1442,,
population,perf leads (perf W → sent W+1),QB,stats_passing_pass_yards,137,0.0961,0.264,0.1084,0.2074,0.1741,,
population,perf leads (perf W → sent W+1),DEF,stats_interceptions_passes_defended,146,-0.0718,0.389,-0.108,0.1943,0.1545,,
population,perf leads (perf W → sent W+1),RB,stats_receiving_receptions,86,-0.1333,0.2212,-0.1079,0.3228,0.1766,,
population,sentiment leads (sent W → perf W+1),RB,stats_snap_counts_offense_snaps,84,0.0826,0.4552,0.105,0.342,0.1756,,
population,sentiment leads (sent W → perf W+1),WR_TE,stats_receiving_rec_td,196,-0.1248,0.0814,-0.1021,0.1543,0.1258,,
population,perf leads (perf W → sent W+1),QB,stats_passing_pass_attempts,137,0.0947,0.2712,0.096,0.2643,0.1699,,
population,sentiment leads (sent W → perf W+1),RB,total_opportunities,84,0.0779,0.4815,0.0959,0.3853,0.2043,,
population,sentiment leads (sent W → perf W+1),WR_TE,fantasy_points_ppr,196,-0.1172,0.102,-0.0957,0.1821,0.1223,,
population,sentiment leads (sent W → perf W+1),DEF,stats_interceptions_interceptions,140,-0.0943,0.2676,-0.0895,0.2931,0.1008,,
population,perf leads (perf W → sent W+1),DEF,stats_fumbles_fum_forced,146,-0.0818,0.3262,-0.0879,0.2916,0.1178,,
population,perf leads (perf W → sent W+1),QB,stats_passing_pass_int,137,0.0564,0.5123,0.0792,0.3577,0.1256,,
population,sentiment leads (sent W → perf W+1),WR_TE,stats_snap_counts_offense_snaps,196,-0.066,0.3583,-0.0778,0.2782,0.1176,,
population,concurrent (W vs W),QB,stats_passing_pass_attempts,152,-0.0552,0.4995,-0.0755,0.3552,0.137,,
population,sentiment leads (sent W → perf W+1),WR_TE,stats_receiving_targets,196,-0.0867,0.2271,-0.0751,0.2955,0.1315,,
population,sentiment leads (sent W → perf W+1),DEF,stats_fumbles_fum_forced,140,0.083,0.3298,0.0748,0.3799,0.0971,,
population,sentiment leads (sent W → perf W+1),RB,stats_receiving_receptions,84,0.1073,0.3312,0.0717,0.5167,0.1894,,
population,sentiment leads (sent W → perf W+1),WR_TE,total_opportunities,196,-0.085,0.2362,-0.07,0.3293,0.1291,,
population,concurrent (W vs W),RB,stats_receiving_targets,98,0.0479,0.6398,0.0698,0.4944,0.146,,
population,perf leads (perf W → sent W+1),RB,stats_receiving_rec_td,86,-0.0632,0.5631,-0.0693,0.5258,0.1073,,
population,concurrent (W vs W),QB,stats_rushing_rush_yards,152,0.0594,0.4672,0.0671,0.4112,0.1086,,
population,sentiment leads (sent W → perf W+1),QB,stats_rushing_rush_td,133,-0.0807,0.3559,-0.0668,0.4446,0.1041,,
population,sentiment leads (sent W → perf W+1),WR_TE,stats_receiving_rec_yards,196,-0.077,0.2837,-0.0656,0.3611,0.1093,,
population,sentiment leads (sent W → perf W+1),RB,stats_rushing_rush_attempts,84,0.0605,0.5846,0.0647,0.559,0.2023,,
population,perf leads (perf W → sent W+1),DEF,stats_interceptions_interceptions,146,0.0505,0.5446,0.0632,0.4486,0.0937,,
population,perf leads (perf W → sent W+1),QB,stats_rushing_rush_yards,137,-0.0319,0.7111,-0.0599,0.4872,0.1417,,
population,perf leads (perf W → sent W+1),RB,stats_rushing_rush_td,86,0.0281,0.7971,0.0595,0.5862,0.1353,,
population,sentiment leads (sent W → perf W+1),WR_TE,stats_receiving_receptions,196,-0.0655,0.362,-0.0588,0.4128,0.1334,,
population,perf leads (perf W → sent W+1),RB,stats_rushing_rush_attempts,86,0.0367,0.7373,0.0564,0.6061,0.1533,,
population,sentiment leads (sent W → perf W+1),QB,stats_passing_pass_yards,133,0.0267,0.7604,0.0531,0.5437,0.1351,,
population,sentiment leads (sent W → perf W+1),DEF,stats_tackles_sacks,140,-0.0699,0.4116,-0.0512,0.5478,0.1032,,
population,sentiment leads (sent W → perf W+1),WR_TE,total_touches,196,-0.0629,0.3809,-0.0489,0.4959,0.1307,,
population,perf leads (perf W → sent W+1),RB,fantasy_points_ppr,86,0.0302,0.7822,0.0463,0.6721,0.1521,,
population,perf leads (perf W → sent W+1),QB,stats_passing_qb_rating,137,-0.099,0.2499,-0.0453,0.5995,0.1656,,
population,concurrent (W vs W),RB,stats_snap_counts_offense_snaps,98,0.0425,0.6775,0.0443,0.6651,0.1224,,
population,sentiment leads (sent W → perf W+1),QB,stats_passing_qb_rating,133,0.0234,0.7895,0.0433,0.6204,0.1248,,
population,perf leads (perf W → sent W+1),WR_TE,total_touches,199,0.0031,0.9656,0.0403,0.5716,0.1044,,
population,sentiment leads (sent W → perf W+1),QB,stats_passing_pass_completions,133,-0.0648,0.4584,-0.0399,0.6484,0.1352,,
population,perf leads (perf W → sent W+1),WR_TE,stats_receiving_receptions,199,0.003,0.9667,0.0399,0.5759,0.1049,,
population,concurrent (W vs W),QB,stats_rushing_rush_td,152,-0.0599,0.4634,-0.0398,0.6268,0.0783,,
population,sentiment leads (sent W → perf W+1),DEF,stats_snap_counts_offense_snaps,140,0.0484,0.5702,0.0387,0.6496,0.0746,,
population,sentiment leads (sent W → perf W+1),RB,stats_receiving_targets,84,0.0738,0.5047,0.0366,0.7412,0.1805,,
population,sentiment leads (sent W → perf W+1),RB,stats_receiving_rec_yards,84,0.0037,0.973,0.0349,0.7525,0.1372,,
population,perf leads (perf W → sent W+1),WR_TE,stats_snap_counts_offense_snaps,199,-0.0239,0.7379,-0.0322,0.6515,0.1165,,
population,perf leads (perf W → sent W+1),QB,stats_passing_pass_td,137,0.0225,0.7945,0.031,0.7189,0.1039,,
population,sentiment leads (sent W → perf W+1),QB,fantasy_points_ppr,133,0.0204,0.8157,0.0304,0.7282,0.14,,
population,concurrent (W vs W),DEF,stats_tackles_sacks,175,0.0335,0.6599,0.0284,0.709,0.0958,,
population,concurrent (W vs W),QB,stats_passing_pass_completions,152,0.0398,0.6264,0.0282,0.73,0.1267,,
population,concurrent (W vs W),DEF,stats_fumbles_fum_forced,175,-0.0286,0.7072,-0.0265,0.7274,0.0764,,
population,perf leads (perf W → sent W+1),RB,total_touches,86,-0.0027,0.9804,0.0261,0.8117,0.1728,,
population,sentiment leads (sent W → perf W+1),QB,stats_passing_pass_td,133,0.0656,0.4531,0.0239,0.7845,0.1344,,
population,perf leads (perf W → sent W+1),WR_TE,stats_receiving_rec_yards,199,0.0115,0.8722,0.0237,0.7392,0.0833,,
population,concurrent (W vs W),DEF,stats_snap_counts_offense_snaps,175,0.0216,0.7769,0.0202,0.7905,0.0611,,
population,concurrent (W vs W),WR_TE,stats_receiving_targets,234,0.003,0.9641,0.0191,0.7713,0.1141,,
population,perf leads (perf W → sent W+1),WR_TE,stats_receiving_targets,199,-0.0527,0.4599,-0.0189,0.7912,0.1016,,
population,concurrent (W vs W),WR_TE,total_opportunities,234,0.0043,0.9483,0.0165,0.8018,0.1014,,
population,perf leads (perf W → sent W+1),WR_TE,total_opportunities,199,-0.0528,0.4591,-0.0161,0.8214,0.1109,,
population,perf leads (perf W → sent W+1),WR_TE,stats_receiving_rec_td,199,-0.0251,0.725,-0.0148,0.8353,0.0621,,
population,sentiment leads (sent W → perf W+1),QB,stats_passing_pass_int,133,-0.0569,0.5151,-0.0145,0.8687,0.0951,,
population,perf leads (perf W → sent W+1),RB,total_opportunities,86,-0.0129,0.9064,0.0139,0.8986,0.1669,,
population,sentiment leads (sent W → perf W+1),QB,stats_rushing_rush_yards,133,0.016,0.8546,0.0139,0.8736,0.1322,,
population,concurrent (W vs W),DEF,stats_tackles_tackle_total,175,-0.0569,0.4548,-0.0121,0.8738,0.1069,,
population,perf leads (perf W → sent W+1),QB,fantasy_points_ppr,137,0.0237,0.783,0.0115,0.8943,0.12,,
population,concurrent (W vs W),QB,stats_snap_counts_offense_snaps,152,0.0162,0.8427,0.0086,0.9164,0.1357,,
population,perf leads (perf W → sent W+1),RB,stats_snap_counts_offense_snaps,86,-0.0046,0.9667,0.0084,0.939,0.1481,,
population,perf leads (perf W → sent W+1),QB,stats_rushing_rush_td,137,-0.0468,0.5873,-0.008,0.9262,0.1041,,
population,perf leads (perf W → sent W+1),WR_TE,fantasy_points_ppr,199,-0.0087,0.9024,0.0079,0.9116,0.0925,,
population,sentiment leads (sent W → perf W+1),QB,stats_passing_pass_attempts,133,-0.0412,0.6379,-0.0042,0.9619,0.1474,,
population,perf leads (perf W → sent W+1),DEF,stats_tackles_sacks,146,0.003,0.9709,0.0021,0.9796,0.1149,,
