post_id,link_fullname,comment_id,comment_fullname,parent_fullname,depth,author,body,score,created_utc,permalink,edited,distinguished,gilded,is_submitter,stickied,locked,collapsed
1o2q0px,t3_1o2q0px,nipo1q1,t1_nipo1q1,t3_1o2q0px,0,TwoBeeOreKnotTwoBee,"We beat the 3-0 chargers, lost against the 0-4 saints, and bulldozed the 4-1 eagles 

Just like we all expected",2281,1760066192,/r/nfl/comments/1o2q0px/post_game_thread_philadelphia_eagles_at_new_york/nipo1q1/,,,0,FALSE,FALSE,FALSE,FALSE
1o2q0px,t3_1o2q0px,nipo0lk,t1_nipo0lk,t3_1o2q0px,0,MainEventCTB,"Philly's drives after the 4 tush pushes: End of half, punt, punt, punt, interception, fumble

Football gods saw it and said ""that's enough of that""",5021,1760066180,/r/nfl/comments/1o2q0px/post_game_thread_philadelphia_eagles_at_new_york/nipo0lk/,,,0,FALSE,FALSE,FALSE,FALSE
1o2q0px,t3_1o2q0px,niprew1,t1_niprew1,t3_1o2q0px,0,iFenixRain,This might be the best post-game show ever,288,1760067565,/r/nfl/comments/1o2q0px/post_game_thread_philadelphia_eagles_at_new_york/niprew1/,,,0,FALSE,FALSE,FALSE,FALSE
1o2q0px,t3_1o2q0px,nipo0j7,t1_nipo0j7,t3_1o2q0px,0,realrimurutempest,My guy Cam Skattebo the first player to use CTE as a way to be stronger lol.,4455,1760066180,/r/nfl/comments/1o2q0px/post_game_thread_philadelphia_eagles_at_new_york/nipo0j7/,,,0,FALSE,FALSE,FALSE,FALSE
1o2q0px,t3_1o2q0px,nipo0f4,t1_nipo0f4,t3_1o2q0px,0,GamerZ2020,Idk what Skattebo is but he sure as hell ain’t human,3732,1760066178,/r/nfl/comments/1o2q0px/post_game_thread_philadelphia_eagles_at_new_york/nipo0f4/,,,0,FALSE,FALSE,FALSE,FALSE
1o2q0px,t3_1o2q0px,nipo0fu,t1_nipo0fu,t3_1o2q0px,0,ItsFreakinHarry2,Brian Daboll with the master gambit to save his job: yelling at his medical staff to cast spells and bring Dart back immediately.,2890,1760066179,/r/nfl/comments/1o2q0px/post_game_thread_philadelphia_eagles_at_new_york/nipo0fu/,,,0,FALSE,FALSE,FALSE,FALSE
1o2q0px,t3_1o2q0px,nipo0du,t1_nipo0du,t3_1o2q0px,0,Twall1297,"Giants fans were on suicide watch for about 10 mins after Dart went down lol

Also, does this mean the Saints are better than the Eagles **and** the Chargers?",1642,1760066178,/r/nfl/comments/1o2q0px/post_game_thread_philadelphia_eagles_at_new_york/nipo0du/,,,0,FALSE,FALSE,FALSE,FALSE
1o2q0px,t3_1o2q0px,nipo0ux,t1_nipo0ux,t3_1o2q0px,0,dsotc27,That's just what happens when elite players like Jackson Dart and Cam Skattebo go head to head against scrubs Jalen Hurts and Saquon Barkley.,1246,1760066183,/r/nfl/comments/1o2q0px/post_game_thread_philadelphia_eagles_at_new_york/nipo0ux/,,,0,FALSE,FALSE,FALSE,FALSE
1o2q0px,t3_1o2q0px,nipo0jw,t1_nipo0jw,t3_1o2q0px,0,TechnoToyz,"Yall mind if a couple quirked up white boys dominate the Eagles so hard that their defense gives up in the fourth quarter?

Damn this win feels good. And now I get to watch football all day Sunday knowing that we already won our game.",2135,1760066180,/r/nfl/comments/1o2q0px/post_game_thread_philadelphia_eagles_at_new_york/nipo0jw/,,,0,FALSE,FALSE,FALSE,FALSE
1o2q0px,t3_1o2q0px,nipo0io,t1_nipo0io,t3_1o2q0px,0,Benanderson27,"Tough week to be an Eagles, Phillies & Penn State fan",746,1760066179,/r/nfl/comments/1o2q0px/post_game_thread_philadelphia_eagles_at_new_york/nipo0io/,,,0,FALSE,FALSE,FALSE,FALSE
1o2q0px,t3_1o2q0px,nipo0yq,t1_nipo0yq,t3_1o2q0px,0,F1rst-name-last-name,FIRE ANDY BENCH MCNABB,744,1760066184,/r/nfl/comments/1o2q0px/post_game_thread_philadelphia_eagles_at_new_york/nipo0yq/,,,0,FALSE,FALSE,FALSE,FALSE
1o2q0px,t3_1o2q0px,nipo4gd,t1_nipo4gd,t3_1o2q0px,0,Bigthieff,Jalen’s postgame presser: “So here’s my favorite quote from Chicken Soup for the teenage soul”,578,1760066221,/r/nfl/comments/1o2q0px/post_game_thread_philadelphia_eagles_at_new_york/nipo4gd/,,,0,FALSE,FALSE,FALSE,FALSE
1o2q0px,t3_1o2q0px,nipo8t8,t1_nipo8t8,t3_1o2q0px,0,tnecniv,I cannot remember the last time I heard Giants chants at MetLife,176,1760066269,/r/nfl/comments/1o2q0px/post_game_thread_philadelphia_eagles_at_new_york/nipo8t8/,,,0,FALSE,FALSE,FALSE,FALSE
1o2q0px,t3_1o2q0px,nipo0s2,t1_nipo0s2,t3_1o2q0px,0,DnBcore,Eagles offense looks horrid.,642,1760066182,/r/nfl/comments/1o2q0px/post_game_thread_philadelphia_eagles_at_new_york/nipo0s2/,,,0,FALSE,FALSE,FALSE,FALSE
1o2q0px,t3_1o2q0px,nipo0jn,t1_nipo0jn,t3_1o2q0px,0,RidgeRunner99,Not a good night for Philadelphia sports,157,1760066180,/r/nfl/comments/1o2q0px/post_game_thread_philadelphia_eagles_at_new_york/nipo0jn/,,,0,FALSE,FALSE,FALSE,FALSE
1o2q0px,t3_1o2q0px,nipo0h7,t1_nipo0h7,t3_1o2q0px,0,SiphenPrax,"Philadelphia sports tonight:

* Flyers lose season opener to the defining champs

* Phillies get knocked out of the playoffs via defensive error

* Eagles lose to a Giants team they have owned for years and their rookie QB

If you see the city of Philadelphia (and half of New Jersey) burning from outer space, you now know why.",2403,1760066179,/r/nfl/comments/1o2q0px/post_game_thread_philadelphia_eagles_at_new_york/nipo0h7/,1760066392,,0,FALSE,FALSE,FALSE,FALSE
1o2q0px,t3_1o2q0px,nipopx0,t1_nipopx0,t3_1o2q0px,0,dont_downvote_SPECIL,#SKATTEBO: FUCK YEAH!!!!! WOOOOOOOOO!!!!!!,147,1760066457,/r/nfl/comments/1o2q0px/post_game_thread_philadelphia_eagles_at_new_york/nipopx0/,,,0,FALSE,FALSE,FALSE,FALSE
1o2q0px,t3_1o2q0px,nipo96l,t1_nipo96l,t3_1o2q0px,0,JackLambertsBalls,"*”The Giants have recently been the ‘Factory of Sadness’ with all due respect to Cleveland.”*

Al’s got jokes.",530,1760066273,/r/nfl/comments/1o2q0px/post_game_thread_philadelphia_eagles_at_new_york/nipo96l/,,,0,FALSE,FALSE,FALSE,FALSE
1o2q0px,t3_1o2q0px,nipo128,t1_nipo128,t3_1o2q0px,0,DarthNobody14,"Rushing Yards Tonight

Skatteboo: 98 

Dart: 60 

Barkley: 58",392,1760066185,/r/nfl/comments/1o2q0px/post_game_thread_philadelphia_eagles_at_new_york/nipo128/,,,0,FALSE,FALSE,FALSE,FALSE
1o2q0px,t3_1o2q0px,nipo0jq,t1_nipo0jq,t3_1o2q0px,0,ConstantMadness,"On the bright side for Philly fans, this is far from the most painful loss of the night. Might not even be Top 2",266,1760066180,/r/nfl/comments/1o2q0px/post_game_thread_philadelphia_eagles_at_new_york/nipo0jq/,,,0,FALSE,FALSE,FALSE,FALSE
1o2q0px,t3_1o2q0px,niprnis,t1_niprnis,t3_1o2q0px,0,sm04d,"MILFs, shirt ripping, Star Wars trivia... that postgame had it all",113,1760067666,/r/nfl/comments/1o2q0px/post_game_thread_philadelphia_eagles_at_new_york/niprnis/,,,0,FALSE,FALSE,FALSE,FALSE
1o2q0px,t3_1o2q0px,niprfup,t1_niprfup,t3_1o2q0px,0,bullymeahhh,What the fuck is happening in this post game show,199,1760067577,/r/nfl/comments/1o2q0px/post_game_thread_philadelphia_eagles_at_new_york/niprfup/,,,0,FALSE,FALSE,FALSE,FALSE
1o2q0px,t3_1o2q0px,nipo0ip,t1_nipo0ip,t3_1o2q0px,0,homefree122,The Eagles played like it was TNF. The Giants played like it was MNF.,571,1760066179,/r/nfl/comments/1o2q0px/post_game_thread_philadelphia_eagles_at_new_york/nipo0ip/,,,0,FALSE,FALSE,FALSE,FALSE
1o2q0px,t3_1o2q0px,niprcbj,t1_niprcbj,t3_1o2q0px,0,minisquirrel,I’ve seen enough build the statue,89,1760067534,/r/nfl/comments/1o2q0px/post_game_thread_philadelphia_eagles_at_new_york/niprcbj/,,,0,FALSE,FALSE,FALSE,FALSE
1o2q0px,t3_1o2q0px,nipo4je,t1_nipo4je,t3_1o2q0px,0,MysteryBagIdeals,"Make sure to watch the new documentary ""Saquon"" streaming only on Prime Video you drooling slobs",564,1760066221,/r/nfl/comments/1o2q0px/post_game_thread_philadelphia_eagles_at_new_york/nipo4je/,1760067409,,0,FALSE,FALSE,FALSE,FALSE
1o2q0px,t3_1o2q0px,nipo963,t1_nipo963,t3_1o2q0px,0,thefishwhisperer1,"The Giants are the San Jose Sharks of the NFL. The win total may be low, but the vibes are through the roof",174,1760066273,/r/nfl/comments/1o2q0px/post_game_thread_philadelphia_eagles_at_new_york/nipo963/,,,0,FALSE,FALSE,FALSE,FALSE
1o2q0px,t3_1o2q0px,nipo0ld,t1_nipo0ld,t3_1o2q0px,0,Cynical_onlooker,Were the Eagles the worst 4-0 team of all time? Many people are saying this.,931,1760066180,/r/nfl/comments/1o2q0px/post_game_thread_philadelphia_eagles_at_new_york/nipo0ld/,,,0,FALSE,FALSE,FALSE,FALSE
1o2q0px,t3_1o2q0px,nipopwq,t1_nipopwq,t3_1o2q0px,0,Sundog40k,"Did Michaels really just say ""with all due respect to the Cleveland Browns, this team (NY) was a factory of sadness last year""?... Awesome.",80,1760066457,/r/nfl/comments/1o2q0px/post_game_thread_philadelphia_eagles_at_new_york/nipopwq/,,,0,FALSE,FALSE,FALSE,FALSE
1o2q0px,t3_1o2q0px,nipo0j4,t1_nipo0j4,t3_1o2q0px,0,n1tney,"all time bad week as a Penn State, Phillies and Eagles fan",205,1760066180,/r/nfl/comments/1o2q0px/post_game_thread_philadelphia_eagles_at_new_york/nipo0j4/,,,0,FALSE,FALSE,FALSE,FALSE
1o2q0px,t3_1o2q0px,nipoolm,t1_nipoolm,t3_1o2q0px,0,Nick_DC4L,Fuck yeah live mic,66,1760066442,/r/nfl/comments/1o2q0px/post_game_thread_philadelphia_eagles_at_new_york/nipoolm/,,,0,FALSE,FALSE,FALSE,FALSE
1o2q0px,t3_1o2q0px,niprhza,t1_niprhza,t3_1o2q0px,0,Sorry-Height-6274,"Fitzpatrick touching nipples with Skattebo wasn’t on my bingo card, but I’m hard anyway.",63,1760067602,/r/nfl/comments/1o2q0px/post_game_thread_philadelphia_eagles_at_new_york/niprhza/,,,0,FALSE,FALSE,FALSE,FALSE
1o2q0px,t3_1o2q0px,nipo0h6,t1_nipo0h6,t3_1o2q0px,0,_Moffo,Giants are thriving and Philly is crying. I love football,614,1760066179,/r/nfl/comments/1o2q0px/post_game_thread_philadelphia_eagles_at_new_york/nipo0h6/,,,0,FALSE,FALSE,FALSE,FALSE
1o2q0px,t3_1o2q0px,niprlsz,t1_niprlsz,t3_1o2q0px,0,Heisenripbauer,are Dart and Skattebo the most likeable rookie duo in NFL history? many are asking,52,1760067646,/r/nfl/comments/1o2q0px/post_game_thread_philadelphia_eagles_at_new_york/niprlsz/,,,0,FALSE,FALSE,FALSE,FALSE
1o2q0px,t3_1o2q0px,nipre01,t1_nipre01,t3_1o2q0px,0,Haha08421,Everyone thinking the same about darts mom,54,1760067554,/r/nfl/comments/1o2q0px/post_game_thread_philadelphia_eagles_at_new_york/nipre01/,,,0,FALSE,FALSE,FALSE,FALSE
1o2q0px,t3_1o2q0px,nipo0gn,t1_nipo0gn,t3_1o2q0px,0,TheHurdleTurtle,I don’t wanna jump the gun but is dart the GOAT,335,1760066179,/r/nfl/comments/1o2q0px/post_game_thread_philadelphia_eagles_at_new_york/nipo0gn/,,,0,FALSE,FALSE,FALSE,FALSE
1o2q0px,t3_1o2q0px,nipo111,t1_nipo111,t3_1o2q0px,0,Slosshy,"Jalen Hurts as a passer is so weird because he always either looks like a superstar or Justin Fields with no in between, and I feel like it goes in stretches",364,1760066185,/r/nfl/comments/1o2q0px/post_game_thread_philadelphia_eagles_at_new_york/nipo111/,,,0,FALSE,FALSE,FALSE,FALSE
1o2q0px,t3_1o2q0px,nipqwxe,t1_nipqwxe,t3_1o2q0px,0,RedWingWay,Dart Vader.,43,1760067351,/r/nfl/comments/1o2q0px/post_game_thread_philadelphia_eagles_at_new_york/nipqwxe/,,,0,FALSE,FALSE,FALSE,FALSE
1o2q0px,t3_1o2q0px,niprgnp,t1_niprgnp,t3_1o2q0px,0,ImmortalBehemoth,The energy is fucking immaculate. I'm smiling so fucking hard.,45,1760067586,/r/nfl/comments/1o2q0px/post_game_thread_philadelphia_eagles_at_new_york/niprgnp/,,,0,FALSE,FALSE,FALSE,FALSE
1o2q0px,t3_1o2q0px,nipo67j,t1_nipo67j,t3_1o2q0px,0,IAmDone4,"Y'all better watch your tone around me, things are gonna be different around here",120,1760066240,/r/nfl/comments/1o2q0px/post_game_thread_philadelphia_eagles_at_new_york/nipo67j/,,,0,FALSE,FALSE,FALSE,FALSE
1o2q0px,t3_1o2q0px,nipo0u1,t1_nipo0u1,t3_1o2q0px,0,WanderLeft,You just know that Malik Nabers is sick to his stomach seeing his team finally play well when he’s injured,189,1760066182,/r/nfl/comments/1o2q0px/post_game_thread_philadelphia_eagles_at_new_york/nipo0u1/,,,0,FALSE,FALSE,FALSE,FALSE
1o2q0px,t3_1o2q0px,nipoco6,t1_nipoco6,t3_1o2q0px,0,Ishtastic08,"As a Giants and Mets fan, tonight was FUCKING CHRISTMAS",85,1760066310,/r/nfl/comments/1o2q0px/post_game_thread_philadelphia_eagles_at_new_york/nipoco6/,,,0,FALSE,FALSE,FALSE,FALSE
1o2q0px,t3_1o2q0px,nipo0vx,t1_nipo0vx,t3_1o2q0px,0,Tronvillain,"As someone born in '89 and always felt particularly invested in the 2011/12 draft classes: Russ being so obviously done is kinda hitting me harder than I'd expect, lol.

Like, he's one of the last guys from that generation, so watching that pass hit the ground, temporarily deflate the momentum and get booed off the field was rough.",113,1760066183,/r/nfl/comments/1o2q0px/post_game_thread_philadelphia_eagles_at_new_york/nipo0vx/,1760066778,,0,FALSE,FALSE,FALSE,FALSE
1o2q0px,t3_1o2q0px,nipo6zc,t1_nipo6zc,t3_1o2q0px,0,writingbyrjkidder,"That was the worst fucking game I have seen the Eagles play in I'm not even sure how long. The team just absolutely collapsed tonight. 

Legitimately, this loss is worse than any in 2023, the Pederson/Wentz era, fuck even arguably the Chip Kelly era. There's zero excuse for this shit with the roster this team has. 

I wasn't on the fire Patullo train until tonight, but fuck it, after this shit I am. Start there, clearly something needs to change.",174,1760066248,/r/nfl/comments/1o2q0px/post_game_thread_philadelphia_eagles_at_new_york/nipo6zc/,,,0,FALSE,FALSE,FALSE,FALSE
1o2q0px,t3_1o2q0px,nipr9qx,t1_nipr9qx,t3_1o2q0px,0,Suspicious_Summer883,Mama Dart chant going crazy,38,1760067504,/r/nfl/comments/1o2q0px/post_game_thread_philadelphia_eagles_at_new_york/nipr9qx/,,,0,FALSE,FALSE,FALSE,FALSE
1o2q0px,t3_1o2q0px,nipo0t9,t1_nipo0t9,t3_1o2q0px,0,texas2089,Eagles losing and Phillies getting eliminated in the same night.  The haters are FEASTING tonight.,125,1760066182,/r/nfl/comments/1o2q0px/post_game_thread_philadelphia_eagles_at_new_york/nipo0t9/,,,0,FALSE,FALSE,FALSE,FALSE
1o2q0px,t3_1o2q0px,nipo7q1,t1_nipo7q1,t3_1o2q0px,0,OpDickSledge,I don’t have words. I’m just so happy.,33,1760066257,/r/nfl/comments/1o2q0px/post_game_thread_philadelphia_eagles_at_new_york/nipo7q1/,,,0,FALSE,FALSE,FALSE,FALSE
1o2q0px,t3_1o2q0px,niprf3l,t1_niprf3l,t3_1o2q0px,0,Vodkalover5,THIS IS WHY I WATCH FOOTBALL,31,1760067567,/r/nfl/comments/1o2q0px/post_game_thread_philadelphia_eagles_at_new_york/niprf3l/,,,0,FALSE,FALSE,FALSE,FALSE
1o2q0px,t3_1o2q0px,nipri0y,t1_nipri0y,t3_1o2q0px,0,bucknut4,The sad thing is most fans missed the biggest highlight of the game with Skattebo ripping his shirt off,33,1760067602,/r/nfl/comments/1o2q0px/post_game_thread_philadelphia_eagles_at_new_york/nipri0y/,,,0,FALSE,FALSE,FALSE,FALSE
1o2q0px,t3_1o2q0px,nipro7q,t1_nipro7q,t3_1o2q0px,0,Strangest_Things,Holy shit is dart likable.  We haven’t had personalities like this in awhile man I’m so excited,29,1760067674,/r/nfl/comments/1o2q0px/post_game_thread_philadelphia_eagles_at_new_york/nipro7q/,,,0,FALSE,FALSE,FALSE,FALSE
1o2q0px,t3_1o2q0px,nipqie5,t1_nipqie5,t3_1o2q0px,0,WholeGrainFiber,"15-yard penalty for saying, ""first down"" lmao what a joke",63,1760067184,/r/nfl/comments/1o2q0px/post_game_thread_philadelphia_eagles_at_new_york/nipqie5/,,,0,FALSE,FALSE,FALSE,FALSE
1o2q0px,t3_1o2q0px,nipo0lw,t1_nipo0lw,t3_1o2q0px,0,jordanhhh4,I don't want to overreact but Jaxson Dart might be the greatest quarterback of all time,165,1760066180,/r/nfl/comments/1o2q0px/post_game_thread_philadelphia_eagles_at_new_york/nipo0lw/,,,0,FALSE,FALSE,FALSE,FALSE
1o2q0px,t3_1o2q0px,nipqk24,t1_nipqk24,t3_1o2q0px,0,Sweepy_time,Penance for 4 tush pushes in a row.,25,1760067203,/r/nfl/comments/1o2q0px/post_game_thread_philadelphia_eagles_at_new_york/nipqk24/,,,0,FALSE,FALSE,FALSE,FALSE
1o2q0px,t3_1o2q0px,nipr17j,t1_nipr17j,t3_1o2q0px,0,iamnotimportant,"Does Saquon remind anyone else of Russell Wilson? like wtf why do you have a documentary midway through your career, what kind of self fellatio is that.",26,1760067402,/r/nfl/comments/1o2q0px/post_game_thread_philadelphia_eagles_at_new_york/nipr17j/,,,0,FALSE,FALSE,FALSE,FALSE
1o2q0px,t3_1o2q0px,niprdqc,t1_niprdqc,t3_1o2q0px,0,Spidybl,Never thought I’d hear take it off being chanted to a couple bearded white dudes,29,1760067550,/r/nfl/comments/1o2q0px/post_game_thread_philadelphia_eagles_at_new_york/niprdqc/,,,0,FALSE,FALSE,FALSE,FALSE
1o2q0px,t3_1o2q0px,niprg9f,t1_niprg9f,t3_1o2q0px,0,WholeGrainFiber,MEN SLAPPIN MEAT,26,1760067581,/r/nfl/comments/1o2q0px/post_game_thread_philadelphia_eagles_at_new_york/niprg9f/,,,0,FALSE,FALSE,FALSE,FALSE
1o2q0px,t3_1o2q0px,niprhks,t1_niprhks,t3_1o2q0px,0,Far_Definition6530,Is this what fun is?,25,1760067597,/r/nfl/comments/1o2q0px/post_game_thread_philadelphia_eagles_at_new_york/niprhks/,,,0,FALSE,FALSE,FALSE,FALSE
1o2q0px,t3_1o2q0px,niprlld,t1_niprlld,t3_1o2q0px,0,Michaelcandy,amazon understands football so much more than the NFL does lol,25,1760067644,/r/nfl/comments/1o2q0px/post_game_thread_philadelphia_eagles_at_new_york/niprlld/,,,0,FALSE,FALSE,FALSE,FALSE
1o2q0px,t3_1o2q0px,nipo0wc,t1_nipo0wc,t3_1o2q0px,0,JJPG_,Eagles ran the tush push 4 times in a row. Giants started kneeling with 2 minutes left. Note the difference.,45,1760066183,/r/nfl/comments/1o2q0px/post_game_thread_philadelphia_eagles_at_new_york/nipo0wc/,,,0,FALSE,FALSE,FALSE,FALSE
1o2q0px,t3_1o2q0px,niprdym,t1_niprdym,t3_1o2q0px,0,mexihuahua,What is HAPPENING in this postgame,48,1760067553,/r/nfl/comments/1o2q0px/post_game_thread_philadelphia_eagles_at_new_york/niprdym/,,,0,FALSE,FALSE,FALSE,FALSE
1o2q0px,t3_1o2q0px,niprgha,t1_niprgha,t3_1o2q0px,0,walkstopbirdstopbird,WTF is this post game. So many vibes. This is awesome.,48,1760067584,/r/nfl/comments/1o2q0px/post_game_thread_philadelphia_eagles_at_new_york/niprgha/,,,0,FALSE,FALSE,FALSE,FALSE
1o2q0px,t3_1o2q0px,niprhs9,t1_niprhs9,t3_1o2q0px,0,cdg2m4nrsvp,Somewhere Jason Kelce is watching this ripping his shirt off too,43,1760067599,/r/nfl/comments/1o2q0px/post_game_thread_philadelphia_eagles_at_new_york/niprhs9/,,,0,FALSE,FALSE,FALSE,FALSE
1o2q0px,t3_1o2q0px,niprgcy,t1_niprgcy,t3_1o2q0px,0,gobears58,What the fuck is happening on this post game haha,21,1760067582,/r/nfl/comments/1o2q0px/post_game_thread_philadelphia_eagles_at_new_york/niprgcy/,,,0,FALSE,FALSE,FALSE,FALSE
1o2q0px,t3_1o2q0px,niprgp9,t1_niprgp9,t3_1o2q0px,0,Background_Menu7173,The Skattebo Fitz chest bump was amazing 😂,24,1760067586,/r/nfl/comments/1o2q0px/post_game_thread_philadelphia_eagles_at_new_york/niprgp9/,,,0,FALSE,FALSE,FALSE,FALSE
1o2q0px,t3_1o2q0px,niprhlz,t1_niprhlz,t3_1o2q0px,0,xurdm,I knew I had to watch this postgame show lmao,19,1760067597,/r/nfl/comments/1o2q0px/post_game_thread_philadelphia_eagles_at_new_york/niprhlz/,,,0,FALSE,FALSE,FALSE,FALSE
1o2q0px,t3_1o2q0px,niprhpv,t1_niprhpv,t3_1o2q0px,0,wolflarsen,This is actually entertaining,21,1760067599,/r/nfl/comments/1o2q0px/post_game_thread_philadelphia_eagles_at_new_york/niprhpv/,,,0,FALSE,FALSE,FALSE,FALSE
1o2q0px,t3_1o2q0px,nipri0k,t1_nipri0k,t3_1o2q0px,0,TennesseeJedd,TNF post game always lit lol,21,1760067602,/r/nfl/comments/1o2q0px/post_game_thread_philadelphia_eagles_at_new_york/nipri0k/,,,0,FALSE,FALSE,FALSE,FALSE
1o2q0px,t3_1o2q0px,niprj5g,t1_niprj5g,t3_1o2q0px,0,DankOut4Gordon,Postgame show is lit,21,1760067615,/r/nfl/comments/1o2q0px/post_game_thread_philadelphia_eagles_at_new_york/niprj5g/,,,0,FALSE,FALSE,FALSE,FALSE
1o2q0px,t3_1o2q0px,niprks9,t1_niprks9,t3_1o2q0px,0,United_Respect_5662,The TNF post game show always feels like a fever dream,21,1760067634,/r/nfl/comments/1o2q0px/post_game_thread_philadelphia_eagles_at_new_york/niprks9/,,,0,FALSE,FALSE,FALSE,FALSE
1o2q0px,t3_1o2q0px,niprnsu,t1_niprnsu,t3_1o2q0px,0,freezedriedbigmac,This might be happiest I’ve been watching an NFL game since that playoff game against the Vikings. We’re so back,19,1760067669,/r/nfl/comments/1o2q0px/post_game_thread_philadelphia_eagles_at_new_york/niprnsu/,,,0,FALSE,FALSE,FALSE,FALSE
1o2q0px,t3_1o2q0px,nipro5y,t1_nipro5y,t3_1o2q0px,0,NOTUgglaGOAT,Amazon has the best post event coverage rn. Every nascar race post coverage was just like this shooting shit and drinking beer mid interviews. Amazon has impressed with live sporting events ngl,20,1760067673,/r/nfl/comments/1o2q0px/post_game_thread_philadelphia_eagles_at_new_york/nipro5y/,,,0,FALSE,FALSE,FALSE,FALSE
1o2q0px,t3_1o2q0px,niprp7a,t1_niprp7a,t3_1o2q0px,0,PrideSax711,Did I just become a Giants fan?,20,1760067686,/r/nfl/comments/1o2q0px/post_game_thread_philadelphia_eagles_at_new_york/niprp7a/,,,0,FALSE,FALSE,FALSE,FALSE
1o2q0px,t3_1o2q0px,nips5jd,t1_nips5jd,t1_nipo1q1,1,candynipples,Giants desperately petitioning the NFL to play Detroit next week for the free W,611,1760067878,/r/nfl/comments/1o2q0px/post_game_thread_philadelphia_eagles_at_new_york/nips5jd/,,,0,FALSE,FALSE,FALSE,FALSE
1o2q0px,t3_1o2q0px,nipsvvo,t1_nipsvvo,t1_nipo1q1,1,curllyq,The reverse dolphins,134,1760068186,/r/nfl/comments/1o2q0px/post_game_thread_philadelphia_eagles_at_new_york/nipsvvo/,,,0,FALSE,FALSE,FALSE,FALSE
1o2q0px,t3_1o2q0px,nipp7gv,t1_nipp7gv,t1_nipo0lk,1,LeagueOfMinions,"I swear the 4 tush pushes ignited this team

Skattebo took it personally",190,1760066651,/r/nfl/comments/1o2q0px/post_game_thread_philadelphia_eagles_at_new_york/nipp7gv/,,,0,FALSE,FALSE,FALSE,FALSE
1o2q0px,t3_1o2q0px,nipoe9o,t1_nipoe9o,t1_nipo0lk,1,Cold_Complex_4212,I truly think that’s when they lost. The Giants players looked like they had a fire in them,548,1760066328,/r/nfl/comments/1o2q0px/post_game_thread_philadelphia_eagles_at_new_york/nipoe9o/,,,0,FALSE,FALSE,FALSE,FALSE
1o2q0px,t3_1o2q0px,nipobxt,t1_nipobxt,t1_nipo0lk,1,S1lv3rSmith,no one commits uncalled false starts 600 times over three years and gets away with it,1806,1760066302,/r/nfl/comments/1o2q0px/post_game_thread_philadelphia_eagles_at_new_york/nipobxt/,,,0,FALSE,FALSE,FALSE,FALSE
1o2q0px,t3_1o2q0px,nipoq4g,t1_nipoq4g,t1_nipo0lk,1,wink047,At least Philly fans got to see their favorite play called four times in a row!,295,1760066460,/r/nfl/comments/1o2q0px/post_game_thread_philadelphia_eagles_at_new_york/nipoq4g/,,,0,FALSE,FALSE,FALSE,FALSE
1o2q0px,t3_1o2q0px,nipo6h6,t1_nipo6h6,t1_nipo0j7,1,mbh223,sCTEbo,1867,1760066243,/r/nfl/comments/1o2q0px/post_game_thread_philadelphia_eagles_at_new_york/nipo6h6/,,,0,FALSE,FALSE,FALSE,FALSE
1o2q0px,t3_1o2q0px,nipomul,t1_nipomul,t1_nipo0j7,1,babypho,All running lanes are open when youre seeing triple.,431,1760066422,/r/nfl/comments/1o2q0px/post_game_thread_philadelphia_eagles_at_new_york/nipomul/,,,0,FALSE,FALSE,FALSE,FALSE
1o2q0px,t3_1o2q0px,nipo6x7,t1_nipo6x7,t1_nipo0j7,1,qirito_kun,"No thoughts in that head but “get ball, hit people”",952,1760066248,/r/nfl/comments/1o2q0px/post_game_thread_philadelphia_eagles_at_new_york/nipo6x7/,,,0,FALSE,FALSE,FALSE,FALSE
1o2q0px,t3_1o2q0px,nipoobv,t1_nipoobv,t1_nipo0j7,1,aneomon,“The concussions keep cancelling each other out!”,217,1760066440,/r/nfl/comments/1o2q0px/post_game_thread_philadelphia_eagles_at_new_york/nipoobv/,,,0,FALSE,FALSE,FALSE,FALSE
1o2q0px,t3_1o2q0px,nipoely,t1_nipoely,t1_nipo0j7,1,fastlikeanascar,"He’s like a saiyan. The more hurt he gets, the stronger he comes back",148,1760066331,/r/nfl/comments/1o2q0px/post_game_thread_philadelphia_eagles_at_new_york/nipoely/,,,0,FALSE,FALSE,FALSE,FALSE
1o2q0px,t3_1o2q0px,nipobvj,t1_nipobvj,t1_nipo0j7,1,mikapple,Gronk,98,1760066302,/r/nfl/comments/1o2q0px/post_game_thread_philadelphia_eagles_at_new_york/nipobvj/,,,0,FALSE,FALSE,FALSE,FALSE
1o2q0px,t3_1o2q0px,nipo8ln,t1_nipo8ln,t1_nipo0j7,1,Fabzzz,Gronk?!,125,1760066266,/r/nfl/comments/1o2q0px/post_game_thread_philadelphia_eagles_at_new_york/nipo8ln/,,,0,FALSE,FALSE,FALSE,FALSE
1o2q0px,t3_1o2q0px,nipo20w,t1_nipo20w,t1_nipo0f4,1,Palifaith,"Skattebo be like: ""Look at me, I am Saquon now.""",1631,1760066195,/r/nfl/comments/1o2q0px/post_game_thread_philadelphia_eagles_at_new_york/nipo20w/,,,0,FALSE,FALSE,FALSE,FALSE
1o2q0px,t3_1o2q0px,nipo291,t1_nipo291,t1_nipo0f4,1,notouchmypeterson,I fucking love Cam Skattebo,518,1760066198,/r/nfl/comments/1o2q0px/post_game_thread_philadelphia_eagles_at_new_york/nipo291/,,,0,FALSE,FALSE,FALSE,FALSE
1o2q0px,t3_1o2q0px,nipo3ul,t1_nipo3ul,t1_nipo0f4,1,JVSaladbar,CTE and the C is for Cam Skattebo!!!,214,1760066214,/r/nfl/comments/1o2q0px/post_game_thread_philadelphia_eagles_at_new_york/nipo3ul/,,,0,FALSE,FALSE,FALSE,FALSE
1o2q0px,t3_1o2q0px,nipo3tt,t1_nipo3tt,t1_nipo0f4,1,__AJK__,A wrecking ball used by Dart to smash his foes,71,1760066214,/r/nfl/comments/1o2q0px/post_game_thread_philadelphia_eagles_at_new_york/nipo3tt/,,,0,FALSE,FALSE,FALSE,FALSE
1o2q0px,t3_1o2q0px,nipo339,t1_nipo339,t1_nipo0f4,1,Pope_Cheetos_XIV,"whatever he is, he's got that dog in him",135,1760066206,/r/nfl/comments/1o2q0px/post_game_thread_philadelphia_eagles_at_new_york/nipo339/,,,0,FALSE,FALSE,FALSE,FALSE
1o2q0px,t3_1o2q0px,nipo2wl,t1_nipo2wl,t1_nipo0f4,1,suzukigun4life,CTE Muscle Hamster,182,1760066205,/r/nfl/comments/1o2q0px/post_game_thread_philadelphia_eagles_at_new_york/nipo2wl/,,,0,FALSE,FALSE,FALSE,FALSE
1o2q0px,t3_1o2q0px,nipo676,t1_nipo676,t1_nipo0f4,1,jmorlin,He's so fucking fun to watch,54,1760066240,/r/nfl/comments/1o2q0px/post_game_thread_philadelphia_eagles_at_new_york/nipo676/,,,0,FALSE,FALSE,FALSE,FALSE
1o2q0px,t3_1o2q0px,nipo6hh,t1_nipo6hh,t1_nipo0f4,1,Vexans27,He's John Runningback,35,1760066243,/r/nfl/comments/1o2q0px/post_game_thread_philadelphia_eagles_at_new_york/nipo6hh/,,,0,FALSE,FALSE,FALSE,FALSE
1o2q0px,t3_1o2q0px,nipo425,t1_nipo425,t1_nipo0f4,1,horse_renoir13,A literal fucking wrecking ball,51,1760066216,/r/nfl/comments/1o2q0px/post_game_thread_philadelphia_eagles_at_new_york/nipo425/,,,0,FALSE,FALSE,FALSE,FALSE
1o2q0px,t3_1o2q0px,nipo4ru,t1_nipo4ru,t1_nipo0fu,1,Palifaith,Russell Wilson the only Giant to lose tonight.,1546,1760066224,/r/nfl/comments/1o2q0px/post_game_thread_philadelphia_eagles_at_new_york/nipo4ru/,,,0,FALSE,FALSE,FALSE,FALSE
1o2q0px,t3_1o2q0px,nipo6rs,t1_nipo6rs,t1_nipo0fu,1,horse_renoir13,Him giving him a friendly smack on the head after he got out of the tent sent me,259,1760066246,/r/nfl/comments/1o2q0px/post_game_thread_philadelphia_eagles_at_new_york/nipo6rs/,,,0,FALSE,FALSE,FALSE,FALSE
1o2q0px,t3_1o2q0px,nipo952,t1_nipo952,t1_nipo0fu,1,BlazeBloom,Slapping his QB's head after the examination to clear Dart's concussion was a genius move on his part.,222,1760066272,/r/nfl/comments/1o2q0px/post_game_thread_philadelphia_eagles_at_new_york/nipo952/,1760066730,,0,FALSE,FALSE,FALSE,FALSE
1o2q0px,t3_1o2q0px,nipo4a7,t1_nipo4a7,t1_nipo0fu,1,IllustriousDak,Holding onto Dart's thighs for his dear life,168,1760066219,/r/nfl/comments/1o2q0px/post_game_thread_philadelphia_eagles_at_new_york/nipo4a7/,,,0,FALSE,FALSE,FALSE,FALSE
1o2q0px,t3_1o2q0px,nipo6ci,t1_nipo6ci,t1_nipo0fu,1,OddSeraph,He Dabolls in black magic.,51,1760066241,/r/nfl/comments/1o2q0px/post_game_thread_philadelphia_eagles_at_new_york/nipo6ci/,,,0,FALSE,FALSE,FALSE,FALSE
1o2q0px,t3_1o2q0px,nipo236,t1_nipo236,t1_nipo0du,1,ItsFreakinHarry2,The math checks out,496,1760066196,/r/nfl/comments/1o2q0px/post_game_thread_philadelphia_eagles_at_new_york/nipo236/,,,0,FALSE,FALSE,FALSE,FALSE
1o2q0px,t3_1o2q0px,nipo71c,t1_nipo71c,t1_nipo0du,1,VanizOne,Yo it’s kinda funny we beat the Giants last week,114,1760066249,/r/nfl/comments/1o2q0px/post_game_thread_philadelphia_eagles_at_new_york/nipo71c/,,,0,FALSE,FALSE,FALSE,FALSE
1o2q0px,t3_1o2q0px,nipo3zv,t1_nipo3zv,t1_nipo0du,1,Candid-Boss6534,sadly yes.,150,1760066216,/r/nfl/comments/1o2q0px/post_game_thread_philadelphia_eagles_at_new_york/nipo3zv/,,,0,FALSE,FALSE,FALSE,FALSE
1o2q0px,t3_1o2q0px,nipo5lm,t1_nipo5lm,t1_nipo0du,1,Ieatfatwomanass,"I’ve seen enough, Saints own the Eagles",127,1760066233,/r/nfl/comments/1o2q0px/post_game_thread_philadelphia_eagles_at_new_york/nipo5lm/,,,0,FALSE,FALSE,FALSE,FALSE
1o2q0px,t3_1o2q0px,nipo69r,t1_nipo69r,t1_nipo0du,1,Grandaddypurp69,Yes that’s exactly what this means,33,1760066240,/r/nfl/comments/1o2q0px/post_game_thread_philadelphia_eagles_at_new_york/nipo69r/,,,0,FALSE,FALSE,FALSE,FALSE
1o2q0px,t3_1o2q0px,nipo4f3,t1_nipo4f3,t1_nipo0du,1,suzukigun4life,"By virtue of transitive property, yes.",68,1760066220,/r/nfl/comments/1o2q0px/post_game_thread_philadelphia_eagles_at_new_york/nipo4f3/,,,0,FALSE,FALSE,FALSE,FALSE
1o2q0px,t3_1o2q0px,nippdas,t1_nippdas,t1_nipo0ux,1,mattyborch,Excuse me it’s Jaxxxson,285,1760066715,/r/nfl/comments/1o2q0px/post_game_thread_philadelphia_eagles_at_new_york/nippdas/,,,0,FALSE,FALSE,FALSE,FALSE
1o2q0px,t3_1o2q0px,nipof9j,t1_nipof9j,t1_nipo0jw,1,notmoleliza,"Last week after the 49ers won on Thursday, knowing i had my sunday free and clear to do whatever was so underrated.  Savor that",447,1760066339,/r/nfl/comments/1o2q0px/post_game_thread_philadelphia_eagles_at_new_york/nipof9j/,,,0,FALSE,FALSE,FALSE,FALSE
1o2q0px,t3_1o2q0px,nipogx6,t1_nipogx6,t1_nipo0jw,1,Zloggt,"It’s so strange how the Giants went from getting embarrassed by the Saints…to *this*.

…maybe the Eagles were just too shellshocked from Sunday? Hahahaha!",153,1760066357,/r/nfl/comments/1o2q0px/post_game_thread_philadelphia_eagles_at_new_york/nipogx6/,,,0,FALSE,FALSE,FALSE,FALSE
1o2q0px,t3_1o2q0px,nipo7lo,t1_nipo7lo,t1_nipo0io,1,40to6inthe4th,Don't forget the Flyers!,326,1760066255,/r/nfl/comments/1o2q0px/post_game_thread_philadelphia_eagles_at_new_york/nipo7lo/,,,0,FALSE,FALSE,FALSE,FALSE
1o2q0px,t3_1o2q0px,nippd4l,t1_nippd4l,t1_nipo0yq,1,Spartax0609,pre-emptive thank you for that move,166,1760066713,/r/nfl/comments/1o2q0px/post_game_thread_philadelphia_eagles_at_new_york/nippd4l/,,,0,FALSE,FALSE,FALSE,FALSE
1o2q0px,t3_1o2q0px,nips7p2,t1_nips7p2,t1_nipo4gd,1,PandaButtLover,Thank you for this. Had immunotherapy today and this legit made me crack up,103,1760067903,/r/nfl/comments/1o2q0px/post_game_thread_philadelphia_eagles_at_new_york/nips7p2/,,,0,FALSE,FALSE,FALSE,FALSE
1o2q0px,t3_1o2q0px,nipoakw,t1_nipoakw,t1_nipo0s2,1,King_Wentz,Luckily the defense is even worse,478,1760066288,/r/nfl/comments/1o2q0px/post_game_thread_philadelphia_eagles_at_new_york/nipoakw/,,,0,FALSE,FALSE,FALSE,FALSE
1o2q0px,t3_1o2q0px,nipoc26,t1_nipoc26,t1_nipo0h7,1,mushroom7474,Embiid’s knees are their last hope,369,1760066303,/r/nfl/comments/1o2q0px/post_game_thread_philadelphia_eagles_at_new_york/nipoc26/,,,0,FALSE,FALSE,FALSE,FALSE
1o2q0px,t3_1o2q0px,nipo6jl,t1_nipo6jl,t1_nipo0h7,1,pdiddy2499,Imagine losing to the Giants.,529,1760066243,/r/nfl/comments/1o2q0px/post_game_thread_philadelphia_eagles_at_new_york/nipo6jl/,,,0,FALSE,FALSE,FALSE,FALSE
1o2q0px,t3_1o2q0px,nipo4em,t1_nipo4em,t1_nipo0h7,1,Ds3_doraymi,Nature is healing ,690,1760066220,/r/nfl/comments/1o2q0px/post_game_thread_philadelphia_eagles_at_new_york/nipo4em/,,,0,FALSE,FALSE,FALSE,FALSE
1o2q0px,t3_1o2q0px,nipo9jo,t1_nipo9jo,t1_nipo0h7,1,suzukigun4life,That Phillies loss is all-time levels of horrific.,109,1760066277,/r/nfl/comments/1o2q0px/post_game_thread_philadelphia_eagles_at_new_york/nipo9jo/,,,0,FALSE,FALSE,FALSE,FALSE
1o2q0px,t3_1o2q0px,nipo6x9,t1_nipo6x9,t1_nipo0h7,1,siestarrific,"Not just any defensive error, but a river of diarrhea level disgusting defensive error",34,1760066248,/r/nfl/comments/1o2q0px/post_game_thread_philadelphia_eagles_at_new_york/nipo6x9/,,,0,FALSE,FALSE,FALSE,FALSE
1o2q0px,t3_1o2q0px,nipobu7,t1_nipobu7,t1_nipo0h7,1,lotofhotdogs,And the Sixers exist,133,1760066301,/r/nfl/comments/1o2q0px/post_game_thread_philadelphia_eagles_at_new_york/nipobu7/,,,0,FALSE,FALSE,FALSE,FALSE
1o2q0px,t3_1o2q0px,nipp5v6,t1_nipp5v6,t1_nipo96l,1,diprivanity,Legitimately lol'd,93,1760066633,/r/nfl/comments/1o2q0px/post_game_thread_philadelphia_eagles_at_new_york/nipp5v6/,,,0,FALSE,FALSE,FALSE,FALSE
1o2q0px,t3_1o2q0px,niprldk,t1_niprldk,t1_nipo96l,1,T0as1,Also got a shot across the bow off at the Jets ,31,1760067641,/r/nfl/comments/1o2q0px/post_game_thread_philadelphia_eagles_at_new_york/niprldk/,,,0,FALSE,FALSE,FALSE,FALSE
1o2q0px,t3_1o2q0px,niq1c2v,t1_niq1c2v,t1_nipo128,1,k0fi96,31 one of saquan's yards came on the first 2 plays,52,1760072100,/r/nfl/comments/1o2q0px/post_game_thread_philadelphia_eagles_at_new_york/niq1c2v/,,,0,FALSE,FALSE,FALSE,FALSE
1o2q0px,t3_1o2q0px,nipopv4,t1_nipopv4,t1_nipo0jq,1,Ieatfatwomanass,Greatest night of Philly hatewatching in a long long time,145,1760066457,/r/nfl/comments/1o2q0px/post_game_thread_philadelphia_eagles_at_new_york/nipopv4/,,,0,FALSE,FALSE,FALSE,FALSE
1o2q0px,t3_1o2q0px,niprvoh,t1_niprvoh,t1_niprnis,1,WeedHellYeah,and Dart is a natural showman the media is gonna take off and run with him after this,53,1760067761,/r/nfl/comments/1o2q0px/post_game_thread_philadelphia_eagles_at_new_york/niprvoh/,,,0,FALSE,FALSE,FALSE,FALSE
1o2q0px,t3_1o2q0px,nipri4f,t1_nipri4f,t1_niprfup,1,destructive_praise,"Whatever it is, I love it",64,1760067603,/r/nfl/comments/1o2q0px/post_game_thread_philadelphia_eagles_at_new_york/nipri4f/,,,0,FALSE,FALSE,FALSE,FALSE
1o2q0px,t3_1o2q0px,nipokji,t1_nipokji,t1_nipo0ip,1,Dirty_D_Dammit,We played like we weren’t the giants,243,1760066396,/r/nfl/comments/1o2q0px/post_game_thread_philadelphia_eagles_at_new_york/nipokji/,,,0,FALSE,FALSE,FALSE,FALSE
1o2q0px,t3_1o2q0px,nipol1w,t1_nipol1w,t1_nipo0ip,1,storytimeme,Uhhhh have you seen us on MNF?,63,1760066402,/r/nfl/comments/1o2q0px/post_game_thread_philadelphia_eagles_at_new_york/nipol1w/,,,0,FALSE,FALSE,FALSE,FALSE
1o2q0px,t3_1o2q0px,nipossi,t1_nipossi,t1_nipo4je,1,storytimeme,"I'll wait for ""Skattebo"" to drop, thanks.",313,1760066489,/r/nfl/comments/1o2q0px/post_game_thread_philadelphia_eagles_at_new_york/nipossi/,,,0,FALSE,FALSE,FALSE,FALSE
1o2q0px,t3_1o2q0px,nipo8a8,t1_nipo8a8,t1_nipo0ld,1,Late_Home7951,"Nah, still the x-0 steelers",529,1760066263,/r/nfl/comments/1o2q0px/post_game_thread_philadelphia_eagles_at_new_york/nipo8a8/,,,0,FALSE,FALSE,FALSE,FALSE
1o2q0px,t3_1o2q0px,nipobcr,t1_nipobcr,t1_nipo0h6,1,fking13000,"After seeing the Yankees shit the bed yesterday, I am not exaggerating when I say this is quite literally my Super Bowl.",89,1760066296,/r/nfl/comments/1o2q0px/post_game_thread_philadelphia_eagles_at_new_york/nipobcr/,,,0,FALSE,FALSE,FALSE,FALSE
1o2q0px,t3_1o2q0px,nipo367,t1_nipo367,t1_nipo0h6,1,RidgeRunner99,Not a good night for Philadelphia sports as a whole,148,1760066207,/r/nfl/comments/1o2q0px/post_game_thread_philadelphia_eagles_at_new_york/nipo367/,,,0,FALSE,FALSE,FALSE,FALSE
1o2q0px,t3_1o2q0px,nipo6bf,t1_nipo6bf,t1_nipo0gn,1,suzukigun4life,Don't forget SkatteGOAT,98,1760066241,/r/nfl/comments/1o2q0px/post_game_thread_philadelphia_eagles_at_new_york/nipo6bf/,,,0,FALSE,FALSE,FALSE,FALSE
1o2q0px,t3_1o2q0px,nipo8qw,t1_nipo8qw,t1_nipo0gn,1,OVO_ZORRO,"The Dart era in New York has actually begun holy shit. The way the team plays for him is considerablly different then Wilson. Like, the team legit looks different with him in command. If he can clean up the hits he takes he might actually be the guy for New York. 


It's so funny too because he's exactly the type of QB Daboll needed, a dynamic playmaker who creates too many issues for a defense to contain. Dart literally saves his job potentially. No matter how the rest of the season plays out, you gotta give Daboll a chance to develop him because his upside is nuclear levels of greatness.  


The Trio of Nabers, Skatteboo, and Dart is gonna be a problem.",169,1760066268,/r/nfl/comments/1o2q0px/post_game_thread_philadelphia_eagles_at_new_york/nipo8qw/,1760066488,,0,FALSE,FALSE,FALSE,FALSE
1o2q0px,t3_1o2q0px,nipoe7y,t1_nipoe7y,t1_nipo111,1,NephewHotTake,Hurts is somehow overrated and underrated at the same time,253,1760066328,/r/nfl/comments/1o2q0px/post_game_thread_philadelphia_eagles_at_new_york/nipoe7y/,,,0,FALSE,FALSE,FALSE,FALSE
1o2q0px,t3_1o2q0px,nippjwd,t1_nippjwd,t1_nipo111,1,UnPhayzable,"It feels like he's regressed a lot this year. Bailing from pockets super early, focusing in on one read, scrambling and taking sacks instead of throwing it away. He's gotta step it up",30,1760066789,/r/nfl/comments/1o2q0px/post_game_thread_philadelphia_eagles_at_new_york/nippjwd/,,,0,FALSE,FALSE,FALSE,FALSE
1o2q0px,t3_1o2q0px,nipov1b,t1_nipov1b,t1_nipo0u1,1,Quick-Difference3267,Or he’s excited to play with a real quarterback when he’s finally healthy.,144,1760066514,/r/nfl/comments/1o2q0px/post_game_thread_philadelphia_eagles_at_new_york/nipov1b/,,,0,FALSE,FALSE,FALSE,FALSE
1o2q0px,t3_1o2q0px,niponpo,t1_niponpo,t1_nipo0vx,1,rockydbull,Agreed. Dude was really good and won a superbowl but is trotting out as a backup and getting booed at home. He doesn't  need the money that bad.,48,1760066432,/r/nfl/comments/1o2q0px/post_game_thread_philadelphia_eagles_at_new_york/niponpo/,,,0,FALSE,FALSE,FALSE,FALSE
1o2q0px,t3_1o2q0px,nipok5u,t1_nipok5u,t1_nipo0vx,1,Cold_Complex_4212,"I was thinking that he only needed to make one pass, of course Russ can make one pass….",41,1760066392,/r/nfl/comments/1o2q0px/post_game_thread_philadelphia_eagles_at_new_york/nipok5u/,,,0,FALSE,FALSE,FALSE,FALSE
1o2q0px,t3_1o2q0px,nippiuq,t1_nippiuq,t1_nipo6zc,1,[deleted],Nah please keep him it’s so funny for everyone else,151,1760066777,/r/nfl/comments/1o2q0px/post_game_thread_philadelphia_eagles_at_new_york/nippiuq/,,,0,FALSE,FALSE,FALSE,FALSE
1o2q0px,t3_1o2q0px,nipog7z,t1_nipog7z,t1_nipo0lw,1,born_zynner,"Vikings fans have never been known to meme a QB into stardom....

/r/the_darnold",34,1760066349,/r/nfl/comments/1o2q0px/post_game_thread_philadelphia_eagles_at_new_york/nipog7z/,,,0,FALSE,FALSE,FALSE,FALSE
1o2q0px,t3_1o2q0px,niq4rmi,t1_niq4rmi,t1_nips5jd,2,Childhood-Paramedic,NO NO NO KEEP THEM AWAY FROM US. ,215,1760073855,/r/nfl/comments/1o2q0px/post_game_thread_philadelphia_eagles_at_new_york/niq4rmi/,,,0,FALSE,FALSE,FALSE,FALSE
1o2q0px,t3_1o2q0px,nipriv3,t1_nipriv3,t1_nipoe9o,2,Warm_Shoulder3606,They probably were insulted and felt that that the eagles were mocking them by calling the same play 4 times,270,1760067612,/r/nfl/comments/1o2q0px/post_game_thread_philadelphia_eagles_at_new_york/nipriv3/,,,0,FALSE,FALSE,FALSE,FALSE
1o2q0px,t3_1o2q0px,nipooox,t1_nipooox,t1_nipobxt,2,DrunkPackersFan,"Don’t forget that someone lines up offsides almost every time with the play, too.",532,1760066444,/r/nfl/comments/1o2q0px/post_game_thread_philadelphia_eagles_at_new_york/nipooox/,,,0,FALSE,FALSE,FALSE,FALSE
1o2q0px,t3_1o2q0px,nipqk4s,t1_nipqk4s,t1_nipobxt,2,TheBakerification,"I feel like they use to actually do it right with Kelce, they’ve lost the rhythm of it now without him",130,1760067204,/r/nfl/comments/1o2q0px/post_game_thread_philadelphia_eagles_at_new_york/nipqk4s/,,,0,FALSE,FALSE,FALSE,FALSE
1o2q0px,t3_1o2q0px,nippehu,t1_nippehu,t1_nipomul,2,psych4191,He runs like Alstott did. Either make a hole or he'll run through your back,44,1760066729,/r/nfl/comments/1o2q0px/post_game_thread_philadelphia_eagles_at_new_york/nippehu/,,,0,FALSE,FALSE,FALSE,FALSE
1o2q0px,t3_1o2q0px,nipuvw3,t1_nipuvw3,t1_nipomul,2,JL9berg18,"Cam: ""I see three of em out there""

Jaxson:  "" hit the one in the middle!""",34,1760069059,/r/nfl/comments/1o2q0px/post_game_thread_philadelphia_eagles_at_new_york/nipuvw3/,,,0,FALSE,FALSE,FALSE,FALSE
1o2q0px,t3_1o2q0px,nipp4s0,t1_nipp4s0,t1_nipo6x7,2,Sonarss,White skill position players from Arizona colleges are going to start being stereotyped,351,1760066622,/r/nfl/comments/1o2q0px/post_game_thread_philadelphia_eagles_at_new_york/nipp4s0/,,,0,FALSE,FALSE,FALSE,FALSE
1o2q0px,t3_1o2q0px,nipoyww,t1_nipoyww,t1_nipo6x7,2,Everythings_Fucked,Do flip,310,1760066556,/r/nfl/comments/1o2q0px/post_game_thread_philadelphia_eagles_at_new_york/nipoyww/,,,0,FALSE,FALSE,FALSE,FALSE
1o2q0px,t3_1o2q0px,nipo8l0,t1_nipo8l0,t1_nipo20w,2,[deleted],Saquon is great at not getting hit. Skattebo runs to kill,906,1760066266,/r/nfl/comments/1o2q0px/post_game_thread_philadelphia_eagles_at_new_york/nipo8l0/,,,0,FALSE,FALSE,FALSE,FALSE
1o2q0px,t3_1o2q0px,nipo4uf,t1_nipo4uf,t1_nipo20w,2,SiphenPrax,"The new Saquon, while they’re advertising a Saquon doc all night",464,1760066224,/r/nfl/comments/1o2q0px/post_game_thread_philadelphia_eagles_at_new_york/nipo4uf/,,,0,FALSE,FALSE,FALSE,FALSE
1o2q0px,t3_1o2q0px,nipo71p,t1_nipo71p,t1_nipo20w,2,ForeverSparkz,His head must be a brick lol,54,1760066249,/r/nfl/comments/1o2q0px/post_game_thread_philadelphia_eagles_at_new_york/nipo71p/,,,0,FALSE,FALSE,FALSE,FALSE
1o2q0px,t3_1o2q0px,nipo91q,t1_nipo91q,t1_nipo291,2,Will-Eat-4-Food,I'm proud to have a Skat Fetish.,206,1760066271,/r/nfl/comments/1o2q0px/post_game_thread_philadelphia_eagles_at_new_york/nipo91q/,,,0,FALSE,FALSE,FALSE,FALSE
1o2q0px,t3_1o2q0px,nipoaf7,t1_nipoaf7,t1_nipo291,2,yic0,His final Arizona State game was awesome!,101,1760066286,/r/nfl/comments/1o2q0px/post_game_thread_philadelphia_eagles_at_new_york/nipoaf7/,,,0,FALSE,FALSE,FALSE,FALSE
1o2q0px,t3_1o2q0px,nipobit,t1_nipobit,t1_nipo3ul,2,Puddinsnack,Cam Trucking Everyone,121,1760066298,/r/nfl/comments/1o2q0px/post_game_thread_philadelphia_eagles_at_new_york/nipobit/,,,0,FALSE,FALSE,FALSE,FALSE
1o2q0px,t3_1o2q0px,nipobws,t1_nipobws,t1_nipo339,2,babypho,Inside skaterboo there are two dawgs. Both have cte.,174,1760066302,/r/nfl/comments/1o2q0px/post_game_thread_philadelphia_eagles_at_new_york/nipobws/,,,0,FALSE,FALSE,FALSE,FALSE
1o2q0px,t3_1o2q0px,nipo9d9,t1_nipo9d9,t1_nipo2wl,2,tink_tink_tink_,Mr. Brain Collisions,88,1760066275,/r/nfl/comments/1o2q0px/post_game_thread_philadelphia_eagles_at_new_york/nipo9d9/,,,0,FALSE,FALSE,FALSE,FALSE
1o2q0px,t3_1o2q0px,nipod7x,t1_nipod7x,t1_nipo4ru,2,sugmuhdig19,God that was brutal,927,1760066316,/r/nfl/comments/1o2q0px/post_game_thread_philadelphia_eagles_at_new_york/nipod7x/,,,0,FALSE,FALSE,FALSE,FALSE
1o2q0px,t3_1o2q0px,nipomfl,t1_nipomfl,t1_nipo4ru,2,Zolo49,He may drop down to #3 behind Jameis now.,51,1760066417,/r/nfl/comments/1o2q0px/post_game_thread_philadelphia_eagles_at_new_york/nipomfl/,,,0,FALSE,FALSE,FALSE,FALSE
1o2q0px,t3_1o2q0px,nipotdp,t1_nipotdp,t1_nipo6rs,2,voncornhole2,Dart and Skat are gonna be the Beavis and Butthead in wheelchairs at the retirement home by the time they reach 32,230,1760066495,/r/nfl/comments/1o2q0px/post_game_thread_philadelphia_eagles_at_new_york/nipotdp/,,,0,FALSE,FALSE,FALSE,FALSE
1o2q0px,t3_1o2q0px,nipop22,t1_nipop22,t1_nipo6rs,2,saw-it,"“Get out there bud, you’ve got a job to save”",50,1760066448,/r/nfl/comments/1o2q0px/post_game_thread_philadelphia_eagles_at_new_york/nipop22/,,,0,FALSE,FALSE,FALSE,FALSE
1o2q0px,t3_1o2q0px,nipp8es,t1_nipp8es,t1_nipo952,2,EnTyme53,Offsetting concussions. Replay 1st down.,107,1760066661,/r/nfl/comments/1o2q0px/post_game_thread_philadelphia_eagles_at_new_york/nipp8es/,,,0,FALSE,FALSE,FALSE,FALSE
1o2q0px,t3_1o2q0px,nipofuv,t1_nipofuv,t1_nipo4a7,2,ForeverSparkz,Find a girl who loves you more than Daboll loves Dart,70,1760066345,/r/nfl/comments/1o2q0px/post_game_thread_philadelphia_eagles_at_new_york/nipofuv/,,,0,FALSE,FALSE,FALSE,FALSE
1o2q0px,t3_1o2q0px,nipp39z,t1_nipp39z,t1_nipof9j,2,titos334,Thursdays are the best when you win and the worst when you lose,229,1760066605,/r/nfl/comments/1o2q0px/post_game_thread_philadelphia_eagles_at_new_york/nipp39z/,,,0,FALSE,FALSE,FALSE,FALSE
1o2q0px,t3_1o2q0px,nipp48z,t1_nipp48z,t1_nipof9j,2,ThinkImInRFunny,"Feels so much better being an unexpected win on a short week. Enjoy this, Giants fans.",27,1760066615,/r/nfl/comments/1o2q0px/post_game_thread_philadelphia_eagles_at_new_york/nipp48z/,,,0,FALSE,FALSE,FALSE,FALSE
1o2q0px,t3_1o2q0px,nippjfi,t1_nippjfi,t1_nipogx6,2,GarchGun,"I mean last week was truly an anamoly
 5 turnovers back to back is kinda crazy",106,1760066784,/r/nfl/comments/1o2q0px/post_game_thread_philadelphia_eagles_at_new_york/nippjfi/,,,0,FALSE,FALSE,FALSE,FALSE
1o2q0px,t3_1o2q0px,nipwxmb,t1_nipwxmb,t1_nippd4l,2,muffchucker,Post-emptive?,41,1760069983,/r/nfl/comments/1o2q0px/post_game_thread_philadelphia_eagles_at_new_york/nipwxmb/,,,0,FALSE,FALSE,FALSE,FALSE
1o2q0px,t3_1o2q0px,nipt1aw,t1_nipt1aw,t1_nips7p2,2,Adorable-Lie3475,"There’s an Eagles cancer joke in here somewhere but my heart isn’t in it.  In all seriousness, I really hope you get better.",74,1760068251,/r/nfl/comments/1o2q0px/post_game_thread_philadelphia_eagles_at_new_york/nipt1aw/,,,0,FALSE,FALSE,FALSE,FALSE
1o2q0px,t3_1o2q0px,nipop87,t1_nipop87,t1_nipoakw,2,MCKlassik,The D is pretty much nothing without Jalen Carter,188,1760066450,/r/nfl/comments/1o2q0px/post_game_thread_philadelphia_eagles_at_new_york/nipop87/,,,0,FALSE,FALSE,FALSE,FALSE
1o2q0px,t3_1o2q0px,nipov2i,t1_nipov2i,t1_nipoakw,2,Due-Mountain-8716,2 best players out and the defense goes from great to cheeks. Can't have that much on two guys shoulders.,40,1760066514,/r/nfl/comments/1o2q0px/post_game_thread_philadelphia_eagles_at_new_york/nipov2i/,,,0,FALSE,FALSE,FALSE,FALSE
1o2q0px,t3_1o2q0px,nipoitw,t1_nipoitw,t1_nipoc26,2,SiphenPrax,That is a dangerous thing to hope on,269,1760066377,/r/nfl/comments/1o2q0px/post_game_thread_philadelphia_eagles_at_new_york/nipoitw/,,,0,FALSE,FALSE,FALSE,FALSE
1o2q0px,t3_1o2q0px,nipoeaj,t1_nipoeaj,t1_nipo6jl,2,eehoe,Yeah to a rookie qb lmfao,348,1760066328,/r/nfl/comments/1o2q0px/post_game_thread_philadelphia_eagles_at_new_york/nipoeaj/,,,0,FALSE,FALSE,FALSE,FALSE
1o2q0px,t3_1o2q0px,nipop0u,t1_nipop0u,t1_nipo6jl,2,heartbreakhill,Imagine getting *fucking dogwalked* by the Giants,120,1760066447,/r/nfl/comments/1o2q0px/post_game_thread_philadelphia_eagles_at_new_york/nipop0u/,,,0,FALSE,FALSE,FALSE,FALSE
1o2q0px,t3_1o2q0px,nipog53,t1_nipog53,t1_nipo4em,2,AbbreviationsLess257,"The Earth...it's HEALING! - Rat, The Core",76,1760066348,/r/nfl/comments/1o2q0px/post_game_thread_philadelphia_eagles_at_new_york/nipog53/,,,0,FALSE,FALSE,FALSE,FALSE
1o2q0px,t3_1o2q0px,nipoo5t,t1_nipoo5t,t1_nipobu7,2,voncornhole2,My condolences,79,1760066437,/r/nfl/comments/1o2q0px/post_game_thread_philadelphia_eagles_at_new_york/nipoo5t/,,,0,FALSE,FALSE,FALSE,FALSE
1o2q0px,t3_1o2q0px,nipq35f,t1_nipq35f,t1_nipokji,2,TheyNeedLoveToo,Tonight yall were worthy of the ole G Men moniker,30,1760067010,/r/nfl/comments/1o2q0px/post_game_thread_philadelphia_eagles_at_new_york/nipq35f/,,,0,FALSE,FALSE,FALSE,FALSE
1o2q0px,t3_1o2q0px,nipqp3u,t1_nipqp3u,t1_nipossi,2,MysteryBagIdeals,"Well tonight I'm going to watch ""Saquon,"" in between watching him get stuffed tonight for negative yards over and over for the laughs",40,1760067262,/r/nfl/comments/1o2q0px/post_game_thread_philadelphia_eagles_at_new_york/nipqp3u/,,,0,FALSE,FALSE,FALSE,FALSE
1o2q0px,t3_1o2q0px,nippleu,t1_nippleu,t1_nipo8a8,2,AmishJohn81,Agreed,121,1760066806,/r/nfl/comments/1o2q0px/post_game_thread_philadelphia_eagles_at_new_york/nippleu/,,,0,FALSE,FALSE,FALSE,FALSE
1o2q0px,t3_1o2q0px,nipps3o,t1_nipps3o,t1_nippiuq,2,Disastrous_Award_789,It’s a bad night to be drywall in the Philadelphia area.,81,1760066883,/r/nfl/comments/1o2q0px/post_game_thread_philadelphia_eagles_at_new_york/nipps3o/,,,0,FALSE,FALSE,FALSE,FALSE
1o2q0px,t3_1o2q0px,niqy2yt,t1_niqy2yt,t1_niq4rmi,3,metanoia29,"Yeah, speaking from experience, you don't want to be facing an average Giants team out of nowhere...",90,1760091246,/r/nfl/comments/1o2q0px/post_game_thread_philadelphia_eagles_at_new_york/niqy2yt/,,,0,FALSE,FALSE,FALSE,FALSE
1o2q0px,t3_1o2q0px,niprsld,t1_niprsld,t1_nipriv3,3,Cold_Complex_4212,"That’s why they kept doing the Dart sneak too, like “we don’t even have to cheat to get it”",140,1760067725,/r/nfl/comments/1o2q0px/post_game_thread_philadelphia_eagles_at_new_york/niprsld/,,,0,FALSE,FALSE,FALSE,FALSE
1o2q0px,t3_1o2q0px,nipro4d,t1_nipro4d,t1_nipp4s0,3,tofterra,"Notorious party school produces fratty white guys, who knew",72,1760067673,/r/nfl/comments/1o2q0px/post_game_thread_philadelphia_eagles_at_new_york/nipro4d/,,,0,FALSE,FALSE,FALSE,FALSE
1o2q0px,t3_1o2q0px,nipop88,t1_nipop88,t1_nipo8l0,3,zirroxas,"Skattebo lowered his shoulder into Blakenship's chest even though he was going to run right past him for the TD.

The guy's career might not be long, but it will be fun.",754,1760066450,/r/nfl/comments/1o2q0px/post_game_thread_philadelphia_eagles_at_new_york/nipop88/,,,0,FALSE,FALSE,FALSE,FALSE
1o2q0px,t3_1o2q0px,nipof3u,t1_nipof3u,t1_nipo4uf,3,TenF,"Sirianni is a hype man HC. Their OC left for New Orleans HC, and their new OC is their previous passing game coordinator. 

This (new OC) guy STINKS. Eagles were Kellen moore merchants? 

--

Also Skattebo shakes his head to adjust his helmet for folks asking in the game thread.",234,1760066337,/r/nfl/comments/1o2q0px/post_game_thread_philadelphia_eagles_at_new_york/nipof3u/,1760067735,,0,FALSE,FALSE,FALSE,FALSE
1o2q0px,t3_1o2q0px,nipofjt,t1_nipofjt,t1_nipoaf7,3,NeverSober1900,Ya that was a shame they couldn't see it out. He deserved that win he did everything,53,1760066342,/r/nfl/comments/1o2q0px/post_game_thread_philadelphia_eagles_at_new_york/nipofjt/,,,0,FALSE,FALSE,FALSE,FALSE
1o2q0px,t3_1o2q0px,nipohwb,t1_nipohwb,t1_nipo9d9,3,Wafflehouseofpain,Mr. Busted Cranium,54,1760066368,/r/nfl/comments/1o2q0px/post_game_thread_philadelphia_eagles_at_new_york/nipohwb/,,,0,FALSE,FALSE,FALSE,FALSE
1o2q0px,t3_1o2q0px,nipop3t,t1_nipop3t,t1_nipod7x,3,TechnoToyz,"Comes in

Throws ball into turf

Booed immensely

Leaves",1072,1760066448,/r/nfl/comments/1o2q0px/post_game_thread_philadelphia_eagles_at_new_york/nipop3t/,1760066532,,0,FALSE,FALSE,FALSE,FALSE
1o2q0px,t3_1o2q0px,nipojbk,t1_nipojbk,t1_nipod7x,3,kylesleeps,I'm not sure I've ever seen a player more cooked than Russ.,192,1760066383,/r/nfl/comments/1o2q0px/post_game_thread_philadelphia_eagles_at_new_york/nipojbk/,,,0,FALSE,FALSE,FALSE,FALSE
1o2q0px,t3_1o2q0px,niptoj9,t1_niptoj9,t1_nippjfi,3,TheScottfather,"They were literally just putting the ball on the ground at one point, completely unprompted. 

Never seen anything like it. Then they come put belt to ass against the Eagles. The NFL is fucking weird some weeks.",47,1760068529,/r/nfl/comments/1o2q0px/post_game_thread_philadelphia_eagles_at_new_york/niptoj9/,,,0,FALSE,FALSE,FALSE,FALSE
1o2q0px,t3_1o2q0px,nipp6t7,t1_nipp6t7,t1_nipop87,3,SecondUsernameChoice,And Mitchell left early. The offense is terrible though.,89,1760066644,/r/nfl/comments/1o2q0px/post_game_thread_philadelphia_eagles_at_new_york/nipp6t7/,,,0,FALSE,FALSE,FALSE,FALSE
1o2q0px,t3_1o2q0px,nipp45w,t1_nipp45w,t1_nipoitw,3,SoKrat3s,"""There never was much hope.  Just a fool's hope.""",70,1760066614,/r/nfl/comments/1o2q0px/post_game_thread_philadelphia_eagles_at_new_york/nipp45w/,,,0,FALSE,FALSE,FALSE,FALSE
1o2q0px,t3_1o2q0px,nipp9v4,t1_nipp9v4,t1_nipop88,4,azantyri,the flame that burns twice as bright burns half as long,379,1760066678,/r/nfl/comments/1o2q0px/post_game_thread_philadelphia_eagles_at_new_york/nipp9v4/,,,0,FALSE,FALSE,FALSE,FALSE
1o2q0px,t3_1o2q0px,nipq2m6,t1_nipq2m6,t1_nipop88,4,drinfernodds,"The man won't be able to recite the alphabet without getting a headache once he retires, but he'll be must-see if he keeps it up.",207,1760067004,/r/nfl/comments/1o2q0px/post_game_thread_philadelphia_eagles_at_new_york/nipq2m6/,,,0,FALSE,FALSE,FALSE,FALSE
1o2q0px,t3_1o2q0px,niponij,t1_niponij,t1_nipof3u,4,Uncle_Benny15,"Skattebo doesn't need smelling salts, smelling salts need him",160,1760066430,/r/nfl/comments/1o2q0px/post_game_thread_philadelphia_eagles_at_new_york/niponij/,,,0,FALSE,FALSE,FALSE,FALSE
1o2q0px,t3_1o2q0px,nipovvo,t1_nipovvo,t1_nipohwb,4,Jason_Giambis_Thong,Mr. Bumper Car,32,1760066523,/r/nfl/comments/1o2q0px/post_game_thread_philadelphia_eagles_at_new_york/nipovvo/,,,0,FALSE,FALSE,FALSE,FALSE
1o2q0px,t3_1o2q0px,nipouh9,t1_nipouh9,t1_nipop3t,4,Sighlina,Collects a game check equal to multiple decades of my salary.,769,1760066507,/r/nfl/comments/1o2q0px/post_game_thread_philadelphia_eagles_at_new_york/nipouh9/,,,0,FALSE,FALSE,FALSE,FALSE
1o2q0px,t3_1o2q0px,nipq30y,t1_nipq30y,t1_nipojbk,4,TooPatToCare,The career arc from “let Russ cook” to “oh god Russ is cooked” has been fascinating to watch.,82,1760067009,/r/nfl/comments/1o2q0px/post_game_thread_philadelphia_eagles_at_new_york/nipq30y/,,,0,FALSE,FALSE,FALSE,FALSE
1o2q0px,t3_1o2q0px,niprb1t,t1_niprb1t,t1_nipp9v4,5,27D,"Eli : Twice, huh.",33,1760067519,/r/nfl/comments/1o2q0px/post_game_thread_philadelphia_eagles_at_new_york/niprb1t/,,,0,FALSE,FALSE,FALSE,FALSE
1o2q0px,t3_1o2q0px,nipuygk,t1_nipuygk,t1_nipq2m6,5,tchebagual93,I'm not entirely convinced he can recite it now,58,1760069091,/r/nfl/comments/1o2q0px/post_game_thread_philadelphia_eagles_at_new_york/nipuygk/,,,0,FALSE,FALSE,FALSE,FALSE
1o2q0px,t3_1o2q0px,nippb2b,t1_nippb2b,t1_nipovvo,5,[deleted],Mr. Beaten Cerebrum,31,1760066690,/r/nfl/comments/1o2q0px/post_game_thread_philadelphia_eagles_at_new_york/nippb2b/,,,0,FALSE,FALSE,FALSE,FALSE
1o2q0px,t3_1o2q0px,nipp3oh,t1_nipp3oh,t1_nipouh9,5,RustyCoal950212,"Gets booed mercilessly


Goes home to Ciara in a mansion",499,1760066609,/r/nfl/comments/1o2q0px/post_game_thread_philadelphia_eagles_at_new_york/nipp3oh/,,,0,FALSE,FALSE,FALSE,FALSE
1o2q0px,t3_1o2q0px,nipwmlm,t1_nipwmlm,t1_nipuygk,6,norway_spruce,"He went to ASU, he probably can’t.",66,1760069843,/r/nfl/comments/1o2q0px/post_game_thread_philadelphia_eagles_at_new_york/nipwmlm/,,,0,FALSE,FALSE,FALSE,FALSE
1o2q0px,t3_1o2q0px,nippzyi,t1_nippzyi,t1_nipp3oh,6,31nigrhcdrh,That’s the real punishment amiright,99,1760066974,/r/nfl/comments/1o2q0px/post_game_thread_philadelphia_eagles_at_new_york/nippzyi/,,,0,FALSE,FALSE,FALSE,FALSE