Week,Date,Opponent,Location,Eagles Score,Opponent Score,Reddit link
1,9/4/26,Dallas Cowboys,Home,24,20,https://www.reddit.com/r/nfl/comments/1n8vmti/post_game_thread_dallas_cowboys_at_philadelphia.json
2,9/14/26,Kansas City Chiefs,Away,20,17,https://www.reddit.com/r/nfl/comments/1nh64on/post_game_thread_philadelphia_eagles_at_kansas.json
3,9/21/26,Los Angeles Rams,Home,33,26,https://www.reddit.com/r/nfl/comments/1nn27zc/post_game_thread_los_angeles_rams_at_philadelphia.json
4,9/28/26,Tampa Bay Buccaneers,Away,31,25,https://www.reddit.com/r/nfl/comments/1nsym2c/post_game_thread_philadelphia_eagles_at_tampa_bay.json
5,10/5/26,Denver Broncos,Home,17,21,https://www.reddit.com/r/nfl/comments/1nyz09t/post_game_thread_denver_broncos_at_philadelphia.json
6,10/9/26,New York Giants,Away,17,34,https://www.reddit.com/r/nfl/comments/1o2q0px/post_game_thread_philadelphia_eagles_at_new_york.json
7,10/19/26,Minnesota Vikings,Away,28,22,https://www.reddit.com/r/nfl/comments/1oazpx7/post_game_thread_philadelphia_eagles_at_minnesota.json
8,10/26/26,New York Giants,Home,38,20,https://www.reddit.com/r/nfl/comments/1ogudx3/post_game_thread_new_york_giants_at_philadelphia.json
10,11/10/26,Green Bay Packers,Away,10,7,https://www.reddit.com/r/nfl/comments/1ou01wb/post_game_thread_philadelphia_eagles_at_green_bay.json
11,11/16/26,Detroit Lions,Home,16,9,https://www.reddit.com/r/nfl/comments/1oz72di/post_game_thread_detroit_lions_at_philadelphia.json
12,11/23/26,Dallas Cowboys,Away,21,24,https://www.reddit.com/r/nfl/comments/1p533yg/post_game_thread_philadelphia_eagles_at_dallas.json
13,11/28/26,Chicago Bears,Home,15,24,https://www.reddit.com/r/nfl/comments/1p98vpn/post_game_thread_chicago_bears_at_philadelphia.json
14,12/8/26,Los Angeles Chargers,Away,19,22,https://www.reddit.com/r/nfl/comments/1phyq40/post_game_thread_philadelphia_eagles_at_los.json
15,12/14/26,Las Vegas Raiders,Home,31,0,https://www.reddit.com/r/nfl/comments/1pmoa5f/post_game_thread_las_vegas_raiders_at.json
16,12/20/26,Washington Commanders,Away,29,18,https://www.reddit.com/r/nfl/comments/1prttn7/post_game_thread_philadelphia_eagles_at.json
17,12/28/26,Buffalo Bills,Away,13,12,https://www.reddit.com/r/nfl/comments/1py7hlt/post_game_thread_philadelphia_eagles_at_buffalo.json
18,1/4/26,Washington Commanders,Home,17,24,https://www.reddit.com/r/nfl/comments/1q46mfl/post_game_thread_washington_commanders_at.json