Week,Date,Team,Home Team,Away Team,Home Score,Away Score,Reddit link
1,9/4/25,Philadelphia Eagles,Philadelphia Eagles,Dallas Cowboys,24,20,https://www.reddit.com/r/nfl/comments/1n8vmti/post_game_thread_dallas_cowboys_at_philadelphia.json
2,9/14/25,Philadelphia Eagles,Kansas City Chiefs,Philadelphia Eagles,17,20,https://www.reddit.com/r/nfl/comments/1nh64on/post_game_thread_philadelphia_eagles_at_kansas.json
3,9/21/25,Philadelphia Eagles,Philadelphia Eagles,Los Angeles Rams,33,26,https://www.reddit.com/r/nfl/comments/1nn27zc/post_game_thread_los_angeles_rams_at_philadelphia.json
4,9/28/25,Philadelphia Eagles,Tampa Bay Buccaneers,Philadelphia Eagles,25,31,https://www.reddit.com/r/nfl/comments/1nsym2c/post_game_thread_philadelphia_eagles_at_tampa_bay.json
5,10/5/25,Philadelphia Eagles,Philadelphia Eagles,Denver Broncos,17,21,https://www.reddit.com/r/nfl/comments/1nyz09t/post_game_thread_denver_broncos_at_philadelphia.json
6,10/9/25,Philadelphia Eagles,New York Giants,Philadelphia Eagles,34,17,https://www.reddit.com/r/nfl/comments/1o2q0px/post_game_thread_philadelphia_eagles_at_new_york.json
7,10/19/25,Philadelphia Eagles,Minnesota Vikings,Philadelphia Eagles,22,28,https://www.reddit.com/r/nfl/comments/1oazpx7/post_game_thread_philadelphia_eagles_at_minnesota.json
8,10/26/25,Philadelphia Eagles,Philadelphia Eagles,New York Giants,38,20,https://www.reddit.com/r/nfl/comments/1ogudx3/post_game_thread_new_york_giants_at_philadelphia.json
10,11/10/25,Philadelphia Eagles,Green Bay Packers,Philadelphia Eagles,7,10,https://www.reddit.com/r/nfl/comments/1ou01wb/post_game_thread_philadelphia_eagles_at_green_bay.json
11,11/16/25,Philadelphia Eagles,Philadelphia Eagles,Detroit Lions,16,9,https://www.reddit.com/r/nfl/comments/1oz72di/post_game_thread_detroit_lions_at_philadelphia.json
12,11/23/25,Philadelphia Eagles,Dallas Cowboys,Philadelphia Eagles,24,21,https://www.reddit.com/r/nfl/comments/1p533yg/post_game_thread_philadelphia_eagles_at_dallas.json
13,11/28/25,Philadelphia Eagles,Philadelphia Eagles,Chicago Bears,15,24,https://www.reddit.com/r/nfl/comments/1p98vpn/post_game_thread_chicago_bears_at_philadelphia.json
14,12/8/25,Philadelphia Eagles,Los Angeles Chargers,Philadelphia Eagles,22,19,https://www.reddit.com/r/nfl/comments/1phyq40/post_game_thread_philadelphia_eagles_at_los.json
15,12/14/25,Philadelphia Eagles,Philadelphia Eagles,Las Vegas Raiders,31,0,https://www.reddit.com/r/nfl/comments/1pmoa5f/post_game_thread_las_vegas_raiders_at.json
16,12/20/25,Philadelphia Eagles,Washington Commanders,Philadelphia Eagles,18,29,https://www.reddit.com/r/nfl/comments/1prttn7/post_game_thread_philadelphia_eagles_at.json
17,12/28/25,Philadelphia Eagles,Buffalo Bills,Philadelphia Eagles,12,13,https://www.reddit.com/r/nfl/comments/1py7hlt/post_game_thread_philadelphia_eagles_at_buffalo.json
18,1/4/26,Philadelphia Eagles,Philadelphia Eagles,Washington Commanders,17,24,https://www.reddit.com/r/nfl/comments/1q46mfl/post_game_thread_washington_commanders_at.json
1,9/4/25,Dallas Cowboys,Philadelphia Eagles,Dallas Cowboys,24,20,https://www.reddit.com/r/nfl/comments/1n8vmti/post_game_thread_dallas_cowboys_at_philadelphia.json
2,9/14/25,Dallas Cowboys,Dallas Cowboys,New York Giants,40,37,https://www.reddit.com/r/nfl/comments/1nh2dod/post_game_thread_new_york_giants_at_dallas_cowboys.json
3,9/21/25,Dallas Cowboys,Chicago Bears,Dallas Cowboys,31,14,https://www.reddit.com/r/nfl/comments/1nn6rq6/post_game_thread_dallas_cowboys_at_chicago_bears.json
4,9/28/25,Dallas Cowboys,Dallas Cowboys,Green Bay Packers,40,40,https://www.reddit.com/r/nfl/comments/1nt8jbj/post_game_thread_green_bay_packers_at_dallas.json
5,10/5/25,Dallas Cowboys,New York Jets,Dallas Cowboys,22,37,https://www.reddit.com/r/nfl/comments/1nyysri/post_game_thread_dallas_cowboys_at_new_york_jets.json
6,10/12/25,Dallas Cowboys,Carolina Panthers,Dallas Cowboys,30,27,https://www.reddit.com/r/nfl/comments/1o4z74j/post_game_thread_dallas_cowboys_at_carolina.json
7,10/19/25,Dallas Cowboys,Dallas Cowboys,Washington Commanders,44,22,https://www.reddit.com/r/nfl/comments/1ob4o19/post_game_thread_washington_commanders_at_dallas.json
8,10/26/25,Dallas Cowboys,Denver Broncos,Dallas Cowboys,44,24,https://www.reddit.com/r/nfl/comments/1ogzdpt/post_game_thread_dallas_cowboys_at_denver_broncos.json
9,11/3/25,Dallas Cowboys,Dallas Cowboys,Arizona Cardinals,17,27,https://www.reddit.com/r/nfl/comments/1onxwv3/post_game_thread_arizona_cardinals_at_dallas.json
11,11/17/25,Dallas Cowboys,Las Vegas Raiders,Dallas Cowboys,16,33,https://www.reddit.com/r/nfl/comments/1p029zz/post_game_thread_dallas_cowboys_at_las_vegas.json
12,11/23/25,Dallas Cowboys,Dallas Cowboys,Philadelphia Eagles,24,21,https://www.reddit.com/r/nfl/comments/1p533yg/post_game_thread_philadelphia_eagles_at_dallas.json
13,11/27/25,Dallas Cowboys,Dallas Cowboys,Kansas City Chiefs,31,28,https://www.reddit.com/r/nfl/comments/1p8htgp/post_game_thread_kansas_city_chiefs_at_dallas.json
14,12/4/25,Dallas Cowboys,Detroit Lions,Dallas Cowboys,44,30,https://www.reddit.com/r/nfl/comments/1pelzde/post_game_thread_dallas_cowboys_at_detroit_lions.json
15,12/14/25,Dallas Cowboys,Dallas Cowboys,Minnesota Vikings,26,34,https://www.reddit.com/r/nfl/comments/1pmyhad/post_game_thread_minnesota_vikings_at_dallas.json
16,12/21/25,Dallas Cowboys,Dallas Cowboys,Los Angeles Chargers,17,34,https://www.reddit.com/r/nfl/comments/1q41lfm/post_game_thread_dallas_cowboys_at_new_york_giants.json
17,12/25/25,Dallas Cowboys,Washington Commanders,Dallas Cowboys,23,30,https://www.reddit.com/r/nfl/comments/1pvmxby/post_game_thread_dallas_cowboys_at_washington.json
18,1/4/26,Dallas Cowboys,New York Giants,Dallas Cowboys,34,17,https://www.reddit.com/r/nfl/comments/1q41lfm/post_game_thread_dallas_cowboys_at_new_york_giants.json
1,9/7/25,New England Patriots,New England Patriots,Las Vegas Raiders,13,20,https://www.reddit.com/r/nfl/comments/1nb3daj/post_game_thread_las_vegas_raiders_at_new_england.json
2,9/14/25,New England Patriots,Miami Dolphins,New England Patriots,27,33,https://www.reddit.com/r/nfl/comments/1nh1iim/post_game_thread_new_england_patriots_at_miami.json
3,9/21/25,New England Patriots,New England Patriots,Pittsburgh Steelers,14,21,https://www.reddit.com/r/nfl/comments/1nn1we1/post_game_thread_pittsburgh_steelers_at_new.json
4,9/28/25,New England Patriots,New England Patriots,Carolina Panthers,42,13,https://www.reddit.com/r/nfl/comments/1nsy2hz/post_game_thread_carolina_panthers_at_new_england.json
5,10/5/25,New England Patriots,Buffalo Bills,New England Patriots,20,23,https://www.reddit.com/r/nfl/comments/1nz8hxc/post_game_thread_new_england_patriots_at_buffalo.json
6,10/12/25,New England Patriots,New Orleans Saints,New England Patriots,19,25,https://www.reddit.com/r/nfl/comments/1o4z6xm/post_game_thread_new_england_patriots_at_new.json
7,10/19/25,New England Patriots,Tennessee Titans,New England Patriots,13,31,https://www.reddit.com/r/nfl/comments/1oaz40i/post_game_thread_new_england_patriots_at.json
8,10/26/25,New England Patriots,New England Patriots,Cleveland Browns,32,13,https://www.reddit.com/r/nfl/comments/1ogufax/post_game_thread_cleveland_browns_at_new_england.json
9,11/2/25,New England Patriots,New England Patriots,Atlanta Falcons,24,23,https://www.reddit.com/r/nfl/comments/1omsslu/post_game_thread_atlanta_falcons_at_new_england.json
10,11/9/25,New England Patriots,Tampa Bay Buccaneers,New England Patriots,23,28,https://www.reddit.com/r/nfl/comments/1osutkg/post_game_thread_new_england_patriots_at_tampa.json
11,11/13/25,New England Patriots,New England Patriots,New York Jets,27,14,https://www.reddit.com/r/nfl/comments/1owmjvl/post_game_thread_new_york_jets_at_new_england.json
12,11/23/25,New England Patriots,Cincinnati Bengals,New England Patriots,20,26,https://www.reddit.com/r/nfl/comments/1p4yban/post_game_thread_new_england_patriots_at.json
13,12/1/25,New England Patriots,New England Patriots,New York Giants,33,15,https://www.reddit.com/r/nfl/comments/1pbyo2m/post_game_thread_new_york_giants_at_new_england.json
15,12/14/25,New England Patriots,New England Patriots,Buffalo Bills,31,35,https://www.reddit.com/r/nfl/comments/1pmp0fd/post_game_thread_buffalo_bills_at_new_england.json
16,12/21/25,New England Patriots,Baltimore Ravens,New England Patriots,24,28,https://www.reddit.com/r/nfl/comments/1psqdpa/post_game_thread_new_england_patriots_at.json
17,12/28/25,New England Patriots,New York Jets,New England Patriots,10,42,https://www.reddit.com/r/nfl/comments/1py27ph/post_game_thread_new_england_patriots_at_new_york.json
18,1/4/26,New England Patriots,New England Patriots,Miami Dolphins,38,10,https://www.reddit.com/r/nfl/comments/1q46bzt/post_game_thread_miami_dolphins_at_new_england.json
1,9/7/25,Cincinnati Bengals,Cleveland Browns,Cincinnati Bengals,16,17,https://www.reddit.com/r/nfl/comments/1nb39jc/post_game_thread_cincinnati_bengals_at_cleveland.json
2,9/14/25,Cincinnati Bengals,Cincinnati Bengals,Jacksonville Jaguars,31,27,https://www.reddit.com/r/nfl/comments/1nh1njr/post_game_thread_jacksonville_jaguars_at.json
3,9/21/25,Cincinnati Bengals,Minnesota Vikings,Cincinnati Bengals,48,10,https://www.reddit.com/r/nfl/comments/1nn2d9s/post_game_thread_cincinnati_bengals_at_minnesota.json
4,9/29/25,Cincinnati Bengals,Denver Broncos,Cincinnati Bengals,28,3,https://www.reddit.com/r/nfl/comments/1nu2ei6/post_game_thread_cincinnati_bengals_at_denver.json
5,10/5/25,Cincinnati Bengals,Cincinnati Bengals,Detroit Lions,24,37,https://www.reddit.com/r/nfl/comments/1nz3gma/post_game_thread_detroit_lions_at_cincinnati.json
6,10/12/25,Cincinnati Bengals,Green Bay Packers,Cincinnati Bengals,27,18,https://www.reddit.com/r/nfl/comments/1o53v4g/post_game_thread_cincinnati_bengals_at_green_bay.json
7,10/16/25,Cincinnati Bengals,Cincinnati Bengals,Pittsburgh Steelers,33,31,https://www.reddit.com/r/nfl/comments/1o8qra3/post_game_thread_pittsburgh_steelers_at.json
8,10/26/25,Cincinnati Bengals,Cincinnati Bengals,New York Jets,38,39,https://www.reddit.com/r/nfl/comments/1oguiw9/post_game_thread_new_york_jets_at_cincinnati.json
9,11/2/25,Cincinnati Bengals,Cincinnati Bengals,Chicago Bears,42,47,https://www.reddit.com/r/nfl/comments/1omtoku/post_game_thread_chicago_bears_at_cincinnati.json
11,11/16/25,Cincinnati Bengals,Pittsburgh Steelers,Cincinnati Bengals,34,12,https://www.reddit.com/r/nfl/comments/1oyxc9v/post_game_thread_cincinnati_bengals_at_pittsburgh.json
12,11/23/25,Cincinnati Bengals,Cincinnati Bengals,New England Patriots,20,26,https://www.reddit.com/r/nfl/comments/1p4yban/post_game_thread_new_england_patriots_at.json
13,11/27/25,Cincinnati Bengals,Baltimore Ravens,Cincinnati Bengals,14,32,https://www.reddit.com/r/nfl/comments/1p8m0s0/post_game_thread_cincinnati_bengals_at_baltimore.json
14,12/7/25,Cincinnati Bengals,Buffalo Bills,Cincinnati Bengals,39,34,https://www.reddit.com/r/nfl/comments/1pgtnk4/post_game_thread_cincinnati_bengals_at_buffalo.json
15,12/14/25,Cincinnati Bengals,Cincinnati Bengals,Baltimore Ravens,0,24,https://www.reddit.com/r/nfl/comments/1pmoqok/post_game_thread_baltimore_ravens_at_cincinnati.json
16,12/21/25,Cincinnati Bengals,Miami Dolphins,Cincinnati Bengals,21,45,https://www.reddit.com/r/nfl/comments/1psgtsi/post_game_thread_cincinnati_bengals_at_miami.json
17,12/28/25,Cincinnati Bengals,Cincinnati Bengals,Arizona Cardinals,37,14,https://www.reddit.com/r/nfl/comments/1py2650/post_game_thread_arizona_cardinals_at_cincinnati.json
18,1/4/26,Cincinnati Bengals,Cincinnati Bengals,Cleveland Browns,18,20,https://www.reddit.com/r/nfl/comments/1q41cf6/post_game_thread_cleveland_browns_at_cincinnati.json
1,9/8/25,Chicago Bears,Chicago Bears,Minnesota Vikings,24,27,https://www.reddit.com/r/nfl/comments/1nc8jcv/post_game_thread_minnesota_vikings_at_chicago.json
2,9/14/25,Chicago Bears,Detroit Lions,Chicago Bears,52,21,https://www.reddit.com/r/nfl/comments/1nh1odc/post_game_thread_chicago_bears_at_detroit_lions.json
3,9/21/25,Chicago Bears,Chicago Bears,Dallas Cowboys,31,14,https://www.reddit.com/r/nfl/comments/1nn6rq6/post_game_thread_dallas_cowboys_at_chicago_bears.json
4,9/28/25,Chicago Bears,Las Vegas Raiders,Chicago Bears,24,25,https://www.reddit.com/r/nfl/comments/1o64p8z/post_game_thread_chicago_bears_at_washington.json
6,10/13/25,Chicago Bears,Washington Commanders,Chicago Bears,24,25,https://www.reddit.com/r/nfl/comments/1o64p8z/post_game_thread_chicago_bears_at_washington.json
7,10/19/25,Chicago Bears,Chicago Bears,New Orleans Saints,26,14,https://www.reddit.com/r/nfl/comments/1oazgye/post_game_thread_new_orleans_saints_at_chicago.json
8,10/26/25,Chicago Bears,Baltimore Ravens,Chicago Bears,30,16,https://www.reddit.com/r/nfl/comments/1ogug2o/post_game_thread_chicago_bears_at_baltimore_ravens.json
9,11/2/25,Chicago Bears,Cincinnati Bengals,Chicago Bears,42,47,https://www.reddit.com/r/nfl/comments/1omtoku/post_game_thread_chicago_bears_at_cincinnati.json
10,11/9/25,Chicago Bears,Chicago Bears,New York Giants,24,20,https://www.reddit.com/r/nfl/comments/1osux8w/post_game_thread_new_york_giants_at_chicago_bears.json
11,11/16/25,Chicago Bears,Minnesota Vikings,Chicago Bears,17,19,https://www.reddit.com/r/nfl/comments/1oyx4c4/post_game_thread_chicago_bears_at_minnesota.json
12,11/23/25,Chicago Bears,Chicago Bears,Pittsburgh Steelers,31,28,https://www.reddit.com/r/nfl/comments/1p4y3qg/post_game_thread_pittsburgh_steelers_at_chicago.json
13,11/28/25,Chicago Bears,Philadelphia Eagles,Chicago Bears,15,24,https://www.reddit.com/r/nfl/comments/1p98vpn/post_game_thread_chicago_bears_at_philadelphia.json
14,12/7/25,Chicago Bears,Green Bay Packers,Chicago Bears,28,21,https://www.reddit.com/r/nfl/comments/1pgy77x/post_game_thread_chicago_bears_at_green_bay.json
15,12/14/25,Chicago Bears,Chicago Bears,Cleveland Browns,31,3,https://www.reddit.com/r/nfl/comments/1pmp1cc/post_game_thread_cleveland_browns_at_chicago_bears.json
16,12/20/25,Chicago Bears,Chicago Bears,Green Bay Packers,22,16,https://www.reddit.com/r/nfl/comments/1prxp3r/post_game_thread_green_bay_packers_at_chicago.json
17,12/28/25,Chicago Bears,San Francisco 49ers,Chicago Bears,42,38,https://www.reddit.com/r/nfl/comments/1pycofo/post_game_thread_chicago_bears_at_san_francisco.json
18,1/4/26,Chicago Bears,Chicago Bears,Detroit Lions,16,19,https://www.reddit.com/r/nfl/comments/1q46fo2/post_game_thread_detroit_lions_at_chicago_bears.json
1,9/7/25,Tampa Bay Buccaneers,Atlanta Falcons,Tampa Bay Buccaneers,20,23,https://www.reddit.com/r/nfl/comments/1nb3ws3/post_game_thread_tampa_bay_buccaneers_at_atlanta.json
2,9/15/25,Tampa Bay Buccaneers,Houston Texans,Tampa Bay Buccaneers,19,20,https://www.reddit.com/r/nfl/comments/1ni4zpy/post_game_thread_tampa_bay_buccaneers_at_houston.json
3,9/21/25,Tampa Bay Buccaneers,Tampa Bay Buccaneers,New York Jets,29,27,https://www.reddit.com/r/nfl/comments/1nn2k3u/post_game_thread_new_york_jets_at_tampa_bay.json
4,9/28/25,Tampa Bay Buccaneers,Tampa Bay Buccaneers,Philadelphia Eagles,25,31,https://www.reddit.com/r/nfl/comments/1nsym2c/post_game_thread_philadelphia_eagles_at_tampa_bay.json
5,10/5/25,Tampa Bay Buccaneers,Seattle Seahawks,Tampa Bay Buccaneers,35,38,https://www.reddit.com/r/nfl/comments/1nz2vrg/post_game_thread_tampa_bay_buccaneers_at_seattle.json
6,10/12/25,Tampa Bay Buccaneers,Tampa Bay Buccaneers,San Francisco 49ers,30,19,https://www.reddit.com/r/nfl/comments/1o53yui/post_game_thread_san_francisco_49ers_at_tampa_bay.json
7,10/20/25,Tampa Bay Buccaneers,Detroit Lions,Tampa Bay Buccaneers,24,9,https://www.reddit.com/r/nfl/comments/1oc11ow/post_game_thread_tampa_bay_buccaneers_at_detroit.json
8,10/26/25,Tampa Bay Buccaneers,New Orleans Saints,Tampa Bay Buccaneers,3,23,https://www.reddit.com/r/nfl/comments/1ogyqlq/post_game_thread_tampa_bay_buccaneers_at_new.json
10,11/9/25,Tampa Bay Buccaneers,Tampa Bay Buccaneers,New England Patriots,23,28,https://www.reddit.com/r/nfl/comments/1osutkg/post_game_thread_new_england_patriots_at_tampa.json
11,11/16/25,Tampa Bay Buccaneers,Buffalo Bills,Tampa Bay Buccaneers,44,32,https://www.reddit.com/r/nfl/comments/1oyxhlg/post_game_thread_tampa_bay_buccaneers_at_buffalo.json
12,11/23/25,Tampa Bay Buccaneers,Los Angeles Rams,Tampa Bay Buccaneers,34,7,https://www.reddit.com/r/nfl/comments/1p57f5r/post_game_thread_tampa_bay_buccaneers_at_los.json
13,11/30/25,Tampa Bay Buccaneers,Tampa Bay Buccaneers,Arizona Cardinals,20,17,https://www.reddit.com/r/nfl/comments/1py29eu/post_game_thread_tampa_bay_buccaneers_at_miami.json
14,12/7/25,Tampa Bay Buccaneers,Tampa Bay Buccaneers,New Orleans Saints,20,24,https://www.reddit.com/r/nfl/comments/1pgtodn/post_game_thread_new_orleans_saints_at_tampa_bay.json
15,12/11/25,Tampa Bay Buccaneers,Tampa Bay Buccaneers,Atlanta Falcons,28,29,https://www.reddit.com/r/nfl/comments/1pkixna/post_game_thread_atlanta_falcons_at_tampa_bay.json
16,12/21/25,Tampa Bay Buccaneers,Carolina Panthers,Tampa Bay Buccaneers,23,20,https://www.reddit.com/r/nfl/comments/1psgxt2/post_game_thread_tampa_bay_buccaneers_at_carolina.json
17,12/28/25,Tampa Bay Buccaneers,Miami Dolphins,Tampa Bay Buccaneers,20,17,https://www.reddit.com/r/nfl/comments/1py29eu/post_game_thread_tampa_bay_buccaneers_at_miami.json
18,1/3/26,Tampa Bay Buccaneers,Tampa Bay Buccaneers,Carolina Panthers,16,14,https://www.reddit.com/r/nfl/comments/1q3aysk/post_game_thread_carolina_panthers_at_tampa_bay.json
1,9/7/25,Seattle Seahawks,Seattle Seahawks,San Francisco 49ers,13,17,https://www.reddit.com/r/nfl/comments/1nb7p69/post_game_thread_san_francisco_49ers_at_seattle.json
2,9/14/25,Seattle Seahawks,Pittsburgh Steelers,Seattle Seahawks,17,31,https://www.reddit.com/r/nfl/comments/1nh17lo/post_game_thread_seattle_seahawks_at_pittsburgh.json
3,9/21/25,Seattle Seahawks,Seattle Seahawks,New Orleans Saints,44,13,https://www.reddit.com/r/nfl/comments/1nn6i5i/post_game_thread_new_orleans_saints_at_seattle.json
4,9/25/25,Seattle Seahawks,Arizona Cardinals,Seattle Seahawks,20,23,https://www.reddit.com/r/nfl/comments/1nqqpqo/post_game_thread_seattle_seahawks_at_arizona.json
5,10/5/25,Seattle Seahawks,Seattle Seahawks,Tampa Bay Buccaneers,35,38,https://www.reddit.com/r/nfl/comments/1nz2vrg/post_game_thread_tampa_bay_buccaneers_at_seattle.json
6,10/12/25,Seattle Seahawks,Jacksonville Jaguars,Seattle Seahawks,12,20,https://www.reddit.com/r/nfl/comments/1o4z7vp/post_game_thread_seattle_seahawks_at_jacksonville.json
7,10/20/25,Seattle Seahawks,Seattle Seahawks,Houston Texans,27,19,https://www.reddit.com/r/nfl/comments/1oc4mv8/post_game_thread_houston_texans_at_seattle.json
9,11/2/25,Seattle Seahawks,Washington Commanders,Seattle Seahawks,14,38,https://www.reddit.com/r/nfl/comments/1on2en1/post_game_thread_seattle_seahawks_at_washington.json
10,11/9/25,Seattle Seahawks,Seattle Seahawks,Arizona Cardinals,44,22,https://www.reddit.com/r/nfl/comments/1oszftu/post_game_thread_arizona_cardinals_at_seattle.json
11,11/16/25,Seattle Seahawks,Los Angeles Rams,Seattle Seahawks,21,19,https://www.reddit.com/r/nfl/comments/1oz1kkl/post_game_thread_seattle_seahawks_at_los_angeles.json
12,11/23/25,Seattle Seahawks,Tennessee Titans,Seattle Seahawks,24,30,https://www.reddit.com/r/nfl/comments/1p4y5j0/post_game_thread_seattle_seahawks_at_tennessee.json
13,11/30/25,Seattle Seahawks,Seattle Seahawks,Minnesota Vikings,26,0,https://www.reddit.com/r/nfl/comments/1paxhee/post_game_thread_minnesota_vikings_at_seattle.json
14,12/7/25,Seattle Seahawks,Atlanta Falcons,Seattle Seahawks,9,37,https://www.reddit.com/r/nfl/comments/1pgtduw/post_game_thread_seattle_seahawks_at_atlanta.json
15,12/14/25,Seattle Seahawks,Seattle Seahawks,Indianapolis Colts,18,16,https://www.reddit.com/r/nfl/comments/1pmtij3/post_game_thread_indianapolis_colts_at_seattle.json
16,12/18/25,Seattle Seahawks,Seattle Seahawks,Los Angeles Rams,38,37,https://www.reddit.com/r/nfl/comments/1pqcejm/post_game_thread_los_angeles_rams_at_seattle.json
17,12/28/25,Seattle Seahawks,Carolina Panthers,Seattle Seahawks,10,27,https://www.reddit.com/r/nfl/comments/1py2a0g/post_game_thread_seattle_seahawks_at_carolina.json
18,1/3/26,Seattle Seahawks,San Francisco 49ers,Seattle Seahawks,3,13,https://www.reddit.com/r/nfl/comments/1q3fie3/post_game_thread_seattle_seahawks_at_san.json
1,9/7/25,Buffalo Bills,Buffalo Bills,Baltimore Ravens,41,40,https://www.reddit.com/r/nfl/comments/1nbddu3/post_game_thread_baltimore_ravens_at_buffalo_bills.json
2,9/14/25,Buffalo Bills,New York Jets,Buffalo Bills,10,30,https://www.reddit.com/r/nfl/comments/1nh1bzl/post_game_thread_buffalo_bills_at_new_york_jets.json
3,9/18/25,Buffalo Bills,Buffalo Bills,Miami Dolphins,31,21,https://www.reddit.com/r/nfl/comments/1nksiu0/post_game_thread_miami_dolphins_at_buffalo_bills.json
4,9/28/25,Buffalo Bills,Buffalo Bills,New Orleans Saints,31,19,https://www.reddit.com/r/nfl/comments/1nsyaso/post_game_thread_new_orleans_saints_at_buffalo.json
5,10/5/25,Buffalo Bills,Buffalo Bills,New England Patriots,20,23,https://www.reddit.com/r/nfl/comments/1nz8hxc/post_game_thread_new_england_patriots_at_buffalo.json
6,10/13/25,Buffalo Bills,Atlanta Falcons,Buffalo Bills,24,14,https://www.reddit.com/r/nfl/comments/1o63ir7/post_game_thread_buffalo_bills_at_atlanta_falcons.json
8,10/26/25,Buffalo Bills,Carolina Panthers,Buffalo Bills,9,40,https://www.reddit.com/r/nfl/comments/1ogubdr/post_game_thread_buffalo_bills_at_carolina.json
9,11/2/25,Buffalo Bills,Buffalo Bills,Kansas City Chiefs,28,21,https://www.reddit.com/r/nfl/comments/1omxl2s/post_game_thread_kansas_city_chiefs_at_buffalo.json
10,11/9/25,Buffalo Bills,Miami Dolphins,Buffalo Bills,30,13,https://www.reddit.com/r/nfl/comments/1osuqxt/post_game_thread_buffalo_bills_at_miami_dolphins.json
11,11/16/25,Buffalo Bills,Buffalo Bills,Tampa Bay Buccaneers,44,32,https://www.reddit.com/r/nfl/comments/1oyxhlg/post_game_thread_tampa_bay_buccaneers_at_buffalo.json
12,11/20/25,Buffalo Bills,Houston Texans,Buffalo Bills,23,19,https://www.reddit.com/r/nfl/comments/1p2p9xh/post_game_thread_buffalo_bills_at_houston_texans.json
13,11/30/25,Buffalo Bills,Pittsburgh Steelers,Buffalo Bills,7,26,https://www.reddit.com/r/nfl/comments/1pay1jf/post_game_thread_buffalo_bills_at_pittsburgh.json
14,12/7/25,Buffalo Bills,Buffalo Bills,Cincinnati Bengals,39,34,https://www.reddit.com/r/nfl/comments/1pgtnk4/post_game_thread_cincinnati_bengals_at_buffalo.json
15,12/14/25,Buffalo Bills,New England Patriots,Buffalo Bills,31,35,https://www.reddit.com/r/nfl/comments/1pmp0fd/post_game_thread_buffalo_bills_at_new_england.json
16,12/21/25,Buffalo Bills,Cleveland Browns,Buffalo Bills,20,23,https://www.reddit.com/r/nfl/comments/1psgv0h/post_game_thread_buffalo_bills_at_cleveland_browns.json
17,12/28/25,Buffalo Bills,Buffalo Bills,Philadelphia Eagles,12,13,https://www.reddit.com/r/nfl/comments/1py7hlt/post_game_thread_philadelphia_eagles_at_buffalo.json
18,1/4/26,Buffalo Bills,Buffalo Bills,New York Jets,35,8,https://www.reddit.com/r/nfl/comments/1q46ahw/post_game_thread_new_york_jets_at_buffalo_bills.json
1,9/7/25,Indianapolis Colts,Indianapolis Colts,Miami Dolphins,33,8,https://www.reddit.com/r/nfl/comments/1nb2we3/post_game_thread_miami_dolphins_at_indianapolis.json
2,9/14/25,Indianapolis Colts,Indianapolis Colts,Denver Broncos,29,28,https://www.reddit.com/r/nfl/comments/1nh5u2p/post_game_thread_denver_broncos_at_indianapolis.json
3,9/21/25,Indianapolis Colts,Tennessee Titans,Indianapolis Colts,20,41,https://www.reddit.com/r/nfl/comments/1nn238t/post_game_thread_indianapolis_colts_at_tennessee.json
4,9/28/25,Indianapolis Colts,Los Angeles Rams,Indianapolis Colts,27,20,https://www.reddit.com/r/nfl/comments/1nt2e9j/post_game_thread_indianapolis_colts_at_los.json
5,10/5/25,Indianapolis Colts,Indianapolis Colts,Las Vegas Raiders,40,6,https://www.reddit.com/r/nfl/comments/1nyybag/post_game_thread_las_vegas_raiders_at.json
6,10/12/25,Indianapolis Colts,Indianapolis Colts,Arizona Cardinals,31,27,https://www.reddit.com/r/nfl/comments/1o4z8mb/post_game_thread_arizona_cardinals_at.json
7,10/19/25,Indianapolis Colts,Los Angeles Chargers,Indianapolis Colts,24,38,https://www.reddit.com/r/nfl/comments/1ob470p/post_game_thread_indianapolis_colts_at_los.json
8,10/26/25,Indianapolis Colts,Indianapolis Colts,Tennessee Titans,38,14,https://www.reddit.com/r/nfl/comments/1ogz67l/post_game_thread_tennessee_titans_at_indianapolis.json
9,11/2/25,Indianapolis Colts,Pittsburgh Steelers,Indianapolis Colts,27,20,https://www.reddit.com/r/nfl/comments/1omt8dl/post_game_thread_indianapolis_colts_at_pittsburgh.json
10,11/9/25,Indianapolis Colts,Indianapolis Colts,Atlanta Falcons,31,25,https://www.reddit.com/r/nfl/comments/1ospssn/post_game_thread_atlanta_falcons_at_indianapolis.json
12,11/23/25,Indianapolis Colts,Kansas City Chiefs,Indianapolis Colts,23,20,https://www.reddit.com/r/nfl/comments/1p4yq8e/post_game_thread_indianapolis_colts_at_kansas.json
13,11/30/25,Indianapolis Colts,Indianapolis Colts,Houston Texans,16,20,https://www.reddit.com/r/nfl/comments/1patejq/post_game_thread_houston_texans_at_indianapolis.json
14,12/7/25,Indianapolis Colts,Jacksonville Jaguars,Indianapolis Colts,36,19,https://www.reddit.com/r/nfl/comments/1pgtuah/post_game_thread_indianapolis_colts_at.json
15,12/14/25,Indianapolis Colts,Seattle Seahawks,Indianapolis Colts,18,16,https://www.reddit.com/r/nfl/comments/1pmtij3/post_game_thread_indianapolis_colts_at_seattle.json
16,12/22/25,Indianapolis Colts,Indianapolis Colts,San Francisco 49ers,27,48,https://www.reddit.com/r/nfl/comments/1ptkk4t/post_game_thread_san_francisco_49ers_at.json
17,12/28/25,Indianapolis Colts,Indianapolis Colts,Jacksonville Jaguars,17,23,https://www.reddit.com/r/nfl/comments/1py2jzk/post_game_thread_jacksonville_jaguars_at.json
18,1/4/26,Indianapolis Colts,Houston Texans,Indianapolis Colts,38,30,https://www.reddit.com/r/nfl/comments/1q41vka/post_game_thread_indianapolis_colts_at_houston.json
1,9/5/25,Kansas City Chiefs,Los Angeles Chargers,Kansas City Chiefs,27,21,https://www.reddit.com/r/nfl/comments/1n9oybl/post_game_thread_kansas_city_chiefs_at_los.json
2,9/14/25,Kansas City Chiefs,Kansas City Chiefs,Philadelphia Eagles,17,20,https://www.reddit.com/r/nfl/comments/1nh64on/post_game_thread_philadelphia_eagles_at_kansas.json
3,9/21/25,Kansas City Chiefs,New York Giants,Kansas City Chiefs,9,22,https://www.reddit.com/r/nfl/comments/1nnbyns/post_game_thread_kansas_city_chiefs_at_new_york.json
4,9/28/25,Kansas City Chiefs,Kansas City Chiefs,Baltimore Ravens,37,20,https://www.reddit.com/r/nfl/comments/1nt2sxm/post_game_thread_baltimore_ravens_at_kansas_city.json
5,10/6/25,Kansas City Chiefs,Jacksonville Jaguars,Kansas City Chiefs,31,28,https://www.reddit.com/r/nfl/comments/1o03tbr/post_game_thread_kansas_city_chiefs_at.json
6,10/12/25,Kansas City Chiefs,Kansas City Chiefs,Detroit Lions,30,17,https://www.reddit.com/r/nfl/comments/1o58o0z/post_game_thread_detroit_lions_at_kansas_city.json
7,10/19/25,Kansas City Chiefs,Kansas City Chiefs,Las Vegas Raiders,31,0,https://www.reddit.com/r/nfl/comments/1oaz2mq/post_game_thread_las_vegas_raiders_at_kansas_city.json
8,10/27/25,Kansas City Chiefs,Kansas City Chiefs,Washington Commanders,28,7,https://www.reddit.com/r/nfl/comments/1ohyr8c/post_game_thread_washington_commanders_at_kansas.json
9,11/2/25,Kansas City Chiefs,Buffalo Bills,Kansas City Chiefs,28,21,https://www.reddit.com/r/nfl/comments/1omxl2s/post_game_thread_kansas_city_chiefs_at_buffalo.json
11,11/16/25,Kansas City Chiefs,Denver Broncos,Kansas City Chiefs,22,19,https://www.reddit.com/r/nfl/comments/1oz270u/post_game_thread_kansas_city_chiefs_at_denver.json
12,11/23/25,Kansas City Chiefs,Kansas City Chiefs,Indianapolis Colts,23,20,https://www.reddit.com/r/nfl/comments/1p4yq8e/post_game_thread_indianapolis_colts_at_kansas.json
13,11/27/25,Kansas City Chiefs,Dallas Cowboys,Kansas City Chiefs,31,28,https://www.reddit.com/r/nfl/comments/1p8htgp/post_game_thread_kansas_city_chiefs_at_dallas.json
14,12/7/25,Kansas City Chiefs,Kansas City Chiefs,Houston Texans,10,20,https://www.reddit.com/r/nfl/comments/1ph3bzu/post_game_thread_houston_texans_at_kansas_city.json
15,12/14/25,Kansas City Chiefs,Kansas City Chiefs,Los Angeles Chargers,13,16,https://www.reddit.com/r/nfl/comments/1pmp8m4/post_game_thread_los_angeles_chargers_at_kansas.json
16,12/21/25,Kansas City Chiefs,Tennessee Titans,Kansas City Chiefs,26,9,https://www.reddit.com/r/nfl/comments/1psgz43/post_game_thread_kansas_city_chiefs_at_tennessee.json
17,12/25/25,Kansas City Chiefs,Kansas City Chiefs,Denver Broncos,13,20,https://www.reddit.com/r/nfl/comments/1pvv072/post_game_thread_denver_broncos_at_kansas_city.json
18,1/4/26,Kansas City Chiefs,Las Vegas Raiders,Kansas City Chiefs,14,12,https://www.reddit.com/r/nfl/comments/1q46mp1/post_game_thread_kansas_city_chiefs_at_las_vegas.json